rgn_id,stock_id_taxonkey,year,mean_catch
1,Carcharhinus_falciformis-51_600868,2002,0.382974775
1,Carcharhinus_falciformis-51_600868,2003,0.382974775
1,Carcharhinus_falciformis-51_600868,2004,0.382974775
1,Carcharhinus_falciformis-51_600868,2005,0.382974775
1,Carcharhinus_falciformis-51_600868,2006,0.382974775
1,Carcharhinus_falciformis-51_600868,2007,0.382974775
1,Carcharhinus_falciformis-51_600868,2008,0.382974775
1,Carcharhinus_falciformis-51_600868,2009,0.382974775
1,Carcharhinus_falciformis-51_600868,2010,0.382974775
1,Carcharhinus_falciformis-51_600868,2011,0.382974775
1,Carcharhinus_falciformis-51_600868,2012,0.382974775
1,Carcharhinus_falciformis-51_600868,2013,0.382974775
1,Carcharhinus_falciformis-51_600868,2014,0.382974775
2,Carcharhinus_falciformis-51_600868,2002,0.382974775
2,Carcharhinus_falciformis-51_600868,2003,0.382974775
2,Carcharhinus_falciformis-51_600868,2004,0.382974775
2,Carcharhinus_falciformis-51_600868,2005,0.382974775
2,Carcharhinus_falciformis-51_600868,2006,0.382974775
2,Carcharhinus_falciformis-51_600868,2007,0.382974775
2,Carcharhinus_falciformis-51_600868,2008,0.382974775
2,Carcharhinus_falciformis-51_600868,2009,0.382974775
2,Carcharhinus_falciformis-51_600868,2010,0.382974775
2,Carcharhinus_falciformis-51_600868,2011,0.382974775
2,Carcharhinus_falciformis-51_600868,2012,0.382974775
2,Carcharhinus_falciformis-51_600868,2013,0.382974775
2,Carcharhinus_falciformis-51_600868,2014,0.382974775
3,Carcharhinus_falciformis-51_600868,2002,0.382974775
3,Carcharhinus_falciformis-51_600868,2003,0.382974775
3,Carcharhinus_falciformis-51_600868,2004,0.382974775
3,Carcharhinus_falciformis-51_600868,2005,0.382974775
3,Carcharhinus_falciformis-51_600868,2006,0.382974775
3,Carcharhinus_falciformis-51_600868,2007,0.382974775
3,Carcharhinus_falciformis-51_600868,2008,0.382974775
3,Carcharhinus_falciformis-51_600868,2009,0.382974775
3,Carcharhinus_falciformis-51_600868,2010,0.382974775
3,Carcharhinus_falciformis-51_600868,2011,0.382974775
3,Carcharhinus_falciformis-51_600868,2012,0.382974775
3,Carcharhinus_falciformis-51_600868,2013,0.382974775
3,Carcharhinus_falciformis-51_600868,2014,0.382974775
4,Carcharhinus_falciformis-51_600868,2002,0.382974775
4,Carcharhinus_falciformis-51_600868,2003,0.382974775
4,Carcharhinus_falciformis-51_600868,2004,0.382974775
4,Carcharhinus_falciformis-51_600868,2005,0.382974775
4,Carcharhinus_falciformis-51_600868,2006,0.382974775
4,Carcharhinus_falciformis-51_600868,2007,0.382974775
4,Carcharhinus_falciformis-51_600868,2008,0.382974775
4,Carcharhinus_falciformis-51_600868,2009,0.382974775
4,Carcharhinus_falciformis-51_600868,2010,0.382974775
4,Carcharhinus_falciformis-51_600868,2011,0.382974775
4,Carcharhinus_falciformis-51_600868,2012,0.382974775
4,Carcharhinus_falciformis-51_600868,2013,0.382974775
4,Carcharhinus_falciformis-51_600868,2014,0.382974775
5,Carcharhinus_falciformis-51_600868,2002,0.382974775
5,Carcharhinus_falciformis-51_600868,2003,0.382974775
5,Carcharhinus_falciformis-51_600868,2004,0.382974775
5,Carcharhinus_falciformis-51_600868,2005,0.382974775
5,Carcharhinus_falciformis-51_600868,2006,0.382974775
5,Carcharhinus_falciformis-51_600868,2007,0.382974775
5,Carcharhinus_falciformis-51_600868,2008,0.382974775
5,Carcharhinus_falciformis-51_600868,2009,0.382974775
5,Carcharhinus_falciformis-51_600868,2010,0.382974775
5,Carcharhinus_falciformis-51_600868,2011,0.382974775
5,Carcharhinus_falciformis-51_600868,2012,0.382974775
5,Carcharhinus_falciformis-51_600868,2013,0.382974775
5,Carcharhinus_falciformis-51_600868,2014,0.382974775
6,Carcharhinus_falciformis-51_600868,2002,0.382974775
6,Carcharhinus_falciformis-51_600868,2003,0.382974775
6,Carcharhinus_falciformis-51_600868,2004,0.382974775
6,Carcharhinus_falciformis-51_600868,2005,0.382974775
6,Carcharhinus_falciformis-51_600868,2006,0.382974775
6,Carcharhinus_falciformis-51_600868,2007,0.382974775
6,Carcharhinus_falciformis-51_600868,2008,0.382974775
6,Carcharhinus_falciformis-51_600868,2009,0.382974775
6,Carcharhinus_falciformis-51_600868,2010,0.382974775
6,Carcharhinus_falciformis-51_600868,2011,0.382974775
6,Carcharhinus_falciformis-51_600868,2012,0.382974775
6,Carcharhinus_falciformis-51_600868,2013,0.382974775
6,Carcharhinus_falciformis-51_600868,2014,0.382974775
1,Carcharhinus_melanopterus-51_600877,2001,7.247908145
1,Carcharhinus_melanopterus-51_600877,2002,7.247908145
1,Carcharhinus_melanopterus-51_600877,2003,7.247908145
1,Carcharhinus_melanopterus-51_600877,2004,7.247908145
1,Carcharhinus_melanopterus-51_600877,2005,7.247908145
1,Carcharhinus_melanopterus-51_600877,2006,7.247908145
1,Carcharhinus_melanopterus-51_600877,2007,7.247908145
1,Carcharhinus_melanopterus-51_600877,2008,7.247908145
1,Carcharhinus_melanopterus-51_600877,2009,7.247908145
1,Carcharhinus_melanopterus-51_600877,2010,7.247908145
1,Carcharhinus_melanopterus-51_600877,2011,7.247908145
1,Carcharhinus_melanopterus-51_600877,2012,7.247908145
1,Carcharhinus_melanopterus-51_600877,2013,7.247908145
1,Carcharhinus_melanopterus-51_600877,2014,7.247908145
2,Carcharhinus_melanopterus-51_600877,2001,7.247908145
2,Carcharhinus_melanopterus-51_600877,2002,7.247908145
2,Carcharhinus_melanopterus-51_600877,2003,7.247908145
2,Carcharhinus_melanopterus-51_600877,2004,7.247908145
2,Carcharhinus_melanopterus-51_600877,2005,7.247908145
2,Carcharhinus_melanopterus-51_600877,2006,7.247908145
2,Carcharhinus_melanopterus-51_600877,2007,7.247908145
2,Carcharhinus_melanopterus-51_600877,2008,7.247908145
2,Carcharhinus_melanopterus-51_600877,2009,7.247908145
2,Carcharhinus_melanopterus-51_600877,2010,7.247908145
2,Carcharhinus_melanopterus-51_600877,2011,7.247908145
2,Carcharhinus_melanopterus-51_600877,2012,7.247908145
2,Carcharhinus_melanopterus-51_600877,2013,7.247908145
2,Carcharhinus_melanopterus-51_600877,2014,7.247908145
3,Carcharhinus_melanopterus-51_600877,2001,7.247908145
3,Carcharhinus_melanopterus-51_600877,2002,7.247908145
3,Carcharhinus_melanopterus-51_600877,2003,7.247908145
3,Carcharhinus_melanopterus-51_600877,2004,7.247908145
3,Carcharhinus_melanopterus-51_600877,2005,7.247908145
3,Carcharhinus_melanopterus-51_600877,2006,7.247908145
3,Carcharhinus_melanopterus-51_600877,2007,7.247908145
3,Carcharhinus_melanopterus-51_600877,2008,7.247908145
3,Carcharhinus_melanopterus-51_600877,2009,7.247908145
3,Carcharhinus_melanopterus-51_600877,2010,7.247908145
3,Carcharhinus_melanopterus-51_600877,2011,7.247908145
3,Carcharhinus_melanopterus-51_600877,2012,7.247908145
3,Carcharhinus_melanopterus-51_600877,2013,7.247908145
3,Carcharhinus_melanopterus-51_600877,2014,7.247908145
4,Carcharhinus_melanopterus-51_600877,2001,7.247908145
4,Carcharhinus_melanopterus-51_600877,2002,7.247908145
4,Carcharhinus_melanopterus-51_600877,2003,7.247908145
4,Carcharhinus_melanopterus-51_600877,2004,7.247908145
4,Carcharhinus_melanopterus-51_600877,2005,7.247908145
4,Carcharhinus_melanopterus-51_600877,2006,7.247908145
4,Carcharhinus_melanopterus-51_600877,2007,7.247908145
4,Carcharhinus_melanopterus-51_600877,2008,7.247908145
4,Carcharhinus_melanopterus-51_600877,2009,7.247908145
4,Carcharhinus_melanopterus-51_600877,2010,7.247908145
4,Carcharhinus_melanopterus-51_600877,2011,7.247908145
4,Carcharhinus_melanopterus-51_600877,2012,7.247908145
4,Carcharhinus_melanopterus-51_600877,2013,7.247908145
4,Carcharhinus_melanopterus-51_600877,2014,7.247908145
5,Carcharhinus_melanopterus-51_600877,2001,7.247908145
5,Carcharhinus_melanopterus-51_600877,2002,7.247908145
5,Carcharhinus_melanopterus-51_600877,2003,7.247908145
5,Carcharhinus_melanopterus-51_600877,2004,7.247908145
5,Carcharhinus_melanopterus-51_600877,2005,7.247908145
5,Carcharhinus_melanopterus-51_600877,2006,7.247908145
5,Carcharhinus_melanopterus-51_600877,2007,7.247908145
5,Carcharhinus_melanopterus-51_600877,2008,7.247908145
5,Carcharhinus_melanopterus-51_600877,2009,7.247908145
5,Carcharhinus_melanopterus-51_600877,2010,7.247908145
5,Carcharhinus_melanopterus-51_600877,2011,7.247908145
5,Carcharhinus_melanopterus-51_600877,2012,7.247908145
5,Carcharhinus_melanopterus-51_600877,2013,7.247908145
5,Carcharhinus_melanopterus-51_600877,2014,7.247908145
6,Carcharhinus_melanopterus-51_600877,2001,7.247908145
6,Carcharhinus_melanopterus-51_600877,2002,7.247908145
6,Carcharhinus_melanopterus-51_600877,2003,7.247908145
6,Carcharhinus_melanopterus-51_600877,2004,7.247908145
6,Carcharhinus_melanopterus-51_600877,2005,7.247908145
6,Carcharhinus_melanopterus-51_600877,2006,7.247908145
6,Carcharhinus_melanopterus-51_600877,2007,7.247908145
6,Carcharhinus_melanopterus-51_600877,2008,7.247908145
6,Carcharhinus_melanopterus-51_600877,2009,7.247908145
6,Carcharhinus_melanopterus-51_600877,2010,7.247908145
6,Carcharhinus_melanopterus-51_600877,2011,7.247908145
6,Carcharhinus_melanopterus-51_600877,2012,7.247908145
6,Carcharhinus_melanopterus-51_600877,2013,7.247908145
6,Carcharhinus_melanopterus-51_600877,2014,7.247908145
1,Coryphaena_hippurus-51_600006,2001,1.194431927
1,Coryphaena_hippurus-51_600006,2002,1.194431927
1,Coryphaena_hippurus-51_600006,2003,1.194431927
1,Coryphaena_hippurus-51_600006,2004,1.194431927
1,Coryphaena_hippurus-51_600006,2005,1.194431927
1,Coryphaena_hippurus-51_600006,2006,1.194431927
1,Coryphaena_hippurus-51_600006,2007,1.194431927
1,Coryphaena_hippurus-51_600006,2008,1.194431927
1,Coryphaena_hippurus-51_600006,2009,1.194431927
1,Coryphaena_hippurus-51_600006,2010,1.194431927
1,Coryphaena_hippurus-51_600006,2011,1.194431927
1,Coryphaena_hippurus-51_600006,2012,1.194431927
1,Coryphaena_hippurus-51_600006,2013,1.194431927
1,Coryphaena_hippurus-51_600006,2014,1.194431927
2,Coryphaena_hippurus-51_600006,2001,1.194431927
2,Coryphaena_hippurus-51_600006,2002,1.194431927
2,Coryphaena_hippurus-51_600006,2003,1.194431927
2,Coryphaena_hippurus-51_600006,2004,1.194431927
2,Coryphaena_hippurus-51_600006,2005,1.194431927
2,Coryphaena_hippurus-51_600006,2006,1.194431927
2,Coryphaena_hippurus-51_600006,2007,1.194431927
2,Coryphaena_hippurus-51_600006,2008,1.194431927
2,Coryphaena_hippurus-51_600006,2009,1.194431927
2,Coryphaena_hippurus-51_600006,2010,1.194431927
2,Coryphaena_hippurus-51_600006,2011,1.194431927
2,Coryphaena_hippurus-51_600006,2012,1.194431927
2,Coryphaena_hippurus-51_600006,2013,1.194431927
2,Coryphaena_hippurus-51_600006,2014,1.194431927
3,Coryphaena_hippurus-51_600006,2001,1.194431927
3,Coryphaena_hippurus-51_600006,2002,1.194431927
3,Coryphaena_hippurus-51_600006,2003,1.194431927
3,Coryphaena_hippurus-51_600006,2004,1.194431927
3,Coryphaena_hippurus-51_600006,2005,1.194431927
3,Coryphaena_hippurus-51_600006,2006,1.194431927
3,Coryphaena_hippurus-51_600006,2007,1.194431927
3,Coryphaena_hippurus-51_600006,2008,1.194431927
3,Coryphaena_hippurus-51_600006,2009,1.194431927
3,Coryphaena_hippurus-51_600006,2010,1.194431927
3,Coryphaena_hippurus-51_600006,2011,1.194431927
3,Coryphaena_hippurus-51_600006,2012,1.194431927
3,Coryphaena_hippurus-51_600006,2013,1.194431927
3,Coryphaena_hippurus-51_600006,2014,1.194431927
4,Coryphaena_hippurus-51_600006,2001,1.194431927
4,Coryphaena_hippurus-51_600006,2002,1.194431927
4,Coryphaena_hippurus-51_600006,2003,1.194431927
4,Coryphaena_hippurus-51_600006,2004,1.194431927
4,Coryphaena_hippurus-51_600006,2005,1.194431927
4,Coryphaena_hippurus-51_600006,2006,1.194431927
4,Coryphaena_hippurus-51_600006,2007,1.194431927
4,Coryphaena_hippurus-51_600006,2008,1.194431927
4,Coryphaena_hippurus-51_600006,2009,1.194431927
4,Coryphaena_hippurus-51_600006,2010,1.194431927
4,Coryphaena_hippurus-51_600006,2011,1.194431927
4,Coryphaena_hippurus-51_600006,2012,1.194431927
4,Coryphaena_hippurus-51_600006,2013,1.194431927
4,Coryphaena_hippurus-51_600006,2014,1.194431927
5,Coryphaena_hippurus-51_600006,2001,1.194431927
5,Coryphaena_hippurus-51_600006,2002,1.194431927
5,Coryphaena_hippurus-51_600006,2003,1.194431927
5,Coryphaena_hippurus-51_600006,2004,1.194431927
5,Coryphaena_hippurus-51_600006,2005,1.194431927
5,Coryphaena_hippurus-51_600006,2006,1.194431927
5,Coryphaena_hippurus-51_600006,2007,1.194431927
5,Coryphaena_hippurus-51_600006,2008,1.194431927
5,Coryphaena_hippurus-51_600006,2009,1.194431927
5,Coryphaena_hippurus-51_600006,2010,1.194431927
5,Coryphaena_hippurus-51_600006,2011,1.194431927
5,Coryphaena_hippurus-51_600006,2012,1.194431927
5,Coryphaena_hippurus-51_600006,2013,1.194431927
5,Coryphaena_hippurus-51_600006,2014,1.194431927
6,Coryphaena_hippurus-51_600006,2001,1.194431927
6,Coryphaena_hippurus-51_600006,2002,1.194431927
6,Coryphaena_hippurus-51_600006,2003,1.194431927
6,Coryphaena_hippurus-51_600006,2004,1.194431927
6,Coryphaena_hippurus-51_600006,2005,1.194431927
6,Coryphaena_hippurus-51_600006,2006,1.194431927
6,Coryphaena_hippurus-51_600006,2007,1.194431927
6,Coryphaena_hippurus-51_600006,2008,1.194431927
6,Coryphaena_hippurus-51_600006,2009,1.194431927
6,Coryphaena_hippurus-51_600006,2010,1.194431927
6,Coryphaena_hippurus-51_600006,2011,1.194431927
6,Coryphaena_hippurus-51_600006,2012,1.194431927
6,Coryphaena_hippurus-51_600006,2013,1.194431927
6,Coryphaena_hippurus-51_600006,2014,1.194431927
1,Diagramma_pictum-51_604465,2001,13.48919021
1,Diagramma_pictum-51_604465,2002,13.48919021
1,Diagramma_pictum-51_604465,2003,13.48919021
1,Diagramma_pictum-51_604465,2004,13.48919021
1,Diagramma_pictum-51_604465,2005,13.48919021
1,Diagramma_pictum-51_604465,2006,13.48919021
1,Diagramma_pictum-51_604465,2007,13.48919021
1,Diagramma_pictum-51_604465,2008,13.48919021
1,Diagramma_pictum-51_604465,2009,13.48919021
1,Diagramma_pictum-51_604465,2010,13.48919021
1,Diagramma_pictum-51_604465,2011,13.48919021
1,Diagramma_pictum-51_604465,2012,13.48919021
1,Diagramma_pictum-51_604465,2013,13.48919021
1,Diagramma_pictum-51_604465,2014,13.48919021
2,Diagramma_pictum-51_604465,2001,13.48919021
2,Diagramma_pictum-51_604465,2002,13.48919021
2,Diagramma_pictum-51_604465,2003,13.48919021
2,Diagramma_pictum-51_604465,2004,13.48919021
2,Diagramma_pictum-51_604465,2005,13.48919021
2,Diagramma_pictum-51_604465,2006,13.48919021
2,Diagramma_pictum-51_604465,2007,13.48919021
2,Diagramma_pictum-51_604465,2008,13.48919021
2,Diagramma_pictum-51_604465,2009,13.48919021
2,Diagramma_pictum-51_604465,2010,13.48919021
2,Diagramma_pictum-51_604465,2011,13.48919021
2,Diagramma_pictum-51_604465,2012,13.48919021
2,Diagramma_pictum-51_604465,2013,13.48919021
2,Diagramma_pictum-51_604465,2014,13.48919021
3,Diagramma_pictum-51_604465,2001,13.48919021
3,Diagramma_pictum-51_604465,2002,13.48919021
3,Diagramma_pictum-51_604465,2003,13.48919021
3,Diagramma_pictum-51_604465,2004,13.48919021
3,Diagramma_pictum-51_604465,2005,13.48919021
3,Diagramma_pictum-51_604465,2006,13.48919021
3,Diagramma_pictum-51_604465,2007,13.48919021
3,Diagramma_pictum-51_604465,2008,13.48919021
3,Diagramma_pictum-51_604465,2009,13.48919021
3,Diagramma_pictum-51_604465,2010,13.48919021
3,Diagramma_pictum-51_604465,2011,13.48919021
3,Diagramma_pictum-51_604465,2012,13.48919021
3,Diagramma_pictum-51_604465,2013,13.48919021
3,Diagramma_pictum-51_604465,2014,13.48919021
4,Diagramma_pictum-51_604465,2001,13.48919021
4,Diagramma_pictum-51_604465,2002,13.48919021
4,Diagramma_pictum-51_604465,2003,13.48919021
4,Diagramma_pictum-51_604465,2004,13.48919021
4,Diagramma_pictum-51_604465,2005,13.48919021
4,Diagramma_pictum-51_604465,2006,13.48919021
4,Diagramma_pictum-51_604465,2007,13.48919021
4,Diagramma_pictum-51_604465,2008,13.48919021
4,Diagramma_pictum-51_604465,2009,13.48919021
4,Diagramma_pictum-51_604465,2010,13.48919021
4,Diagramma_pictum-51_604465,2011,13.48919021
4,Diagramma_pictum-51_604465,2012,13.48919021
4,Diagramma_pictum-51_604465,2013,13.48919021
4,Diagramma_pictum-51_604465,2014,13.48919021
5,Diagramma_pictum-51_604465,2001,13.48919021
5,Diagramma_pictum-51_604465,2002,13.48919021
5,Diagramma_pictum-51_604465,2003,13.48919021
5,Diagramma_pictum-51_604465,2004,13.48919021
5,Diagramma_pictum-51_604465,2005,13.48919021
5,Diagramma_pictum-51_604465,2006,13.48919021
5,Diagramma_pictum-51_604465,2007,13.48919021
5,Diagramma_pictum-51_604465,2008,13.48919021
5,Diagramma_pictum-51_604465,2009,13.48919021
5,Diagramma_pictum-51_604465,2010,13.48919021
5,Diagramma_pictum-51_604465,2011,13.48919021
5,Diagramma_pictum-51_604465,2012,13.48919021
5,Diagramma_pictum-51_604465,2013,13.48919021
5,Diagramma_pictum-51_604465,2014,13.48919021
6,Diagramma_pictum-51_604465,2001,13.48919021
6,Diagramma_pictum-51_604465,2002,13.48919021
6,Diagramma_pictum-51_604465,2003,13.48919021
6,Diagramma_pictum-51_604465,2004,13.48919021
6,Diagramma_pictum-51_604465,2005,13.48919021
6,Diagramma_pictum-51_604465,2006,13.48919021
6,Diagramma_pictum-51_604465,2007,13.48919021
6,Diagramma_pictum-51_604465,2008,13.48919021
6,Diagramma_pictum-51_604465,2009,13.48919021
6,Diagramma_pictum-51_604465,2010,13.48919021
6,Diagramma_pictum-51_604465,2011,13.48919021
6,Diagramma_pictum-51_604465,2012,13.48919021
6,Diagramma_pictum-51_604465,2013,13.48919021
6,Diagramma_pictum-51_604465,2014,13.48919021
1,Fenneropenaeus_indicus-51_690189,2001,0.934128578
1,Fenneropenaeus_indicus-51_690189,2002,0.934128578
1,Fenneropenaeus_indicus-51_690189,2003,0.934128578
1,Fenneropenaeus_indicus-51_690189,2004,0.934128578
1,Fenneropenaeus_indicus-51_690189,2005,0.934128578
1,Fenneropenaeus_indicus-51_690189,2006,0.934128578
1,Fenneropenaeus_indicus-51_690189,2007,0.934128578
1,Fenneropenaeus_indicus-51_690189,2008,0.934128578
1,Fenneropenaeus_indicus-51_690189,2009,0.934128578
1,Fenneropenaeus_indicus-51_690189,2010,0.934128578
1,Fenneropenaeus_indicus-51_690189,2011,0.934128578
1,Fenneropenaeus_indicus-51_690189,2012,0.934128578
1,Fenneropenaeus_indicus-51_690189,2013,0.934128578
1,Fenneropenaeus_indicus-51_690189,2014,0.934128578
2,Fenneropenaeus_indicus-51_690189,2001,0.934128578
2,Fenneropenaeus_indicus-51_690189,2002,0.934128578
2,Fenneropenaeus_indicus-51_690189,2003,0.934128578
2,Fenneropenaeus_indicus-51_690189,2004,0.934128578
2,Fenneropenaeus_indicus-51_690189,2005,0.934128578
2,Fenneropenaeus_indicus-51_690189,2006,0.934128578
2,Fenneropenaeus_indicus-51_690189,2007,0.934128578
2,Fenneropenaeus_indicus-51_690189,2008,0.934128578
2,Fenneropenaeus_indicus-51_690189,2009,0.934128578
2,Fenneropenaeus_indicus-51_690189,2010,0.934128578
2,Fenneropenaeus_indicus-51_690189,2011,0.934128578
2,Fenneropenaeus_indicus-51_690189,2012,0.934128578
2,Fenneropenaeus_indicus-51_690189,2013,0.934128578
2,Fenneropenaeus_indicus-51_690189,2014,0.934128578
3,Fenneropenaeus_indicus-51_690189,2001,0.934128578
3,Fenneropenaeus_indicus-51_690189,2002,0.934128578
3,Fenneropenaeus_indicus-51_690189,2003,0.934128578
3,Fenneropenaeus_indicus-51_690189,2004,0.934128578
3,Fenneropenaeus_indicus-51_690189,2005,0.934128578
3,Fenneropenaeus_indicus-51_690189,2006,0.934128578
3,Fenneropenaeus_indicus-51_690189,2007,0.934128578
3,Fenneropenaeus_indicus-51_690189,2008,0.934128578
3,Fenneropenaeus_indicus-51_690189,2009,0.934128578
3,Fenneropenaeus_indicus-51_690189,2010,0.934128578
3,Fenneropenaeus_indicus-51_690189,2011,0.934128578
3,Fenneropenaeus_indicus-51_690189,2012,0.934128578
3,Fenneropenaeus_indicus-51_690189,2013,0.934128578
3,Fenneropenaeus_indicus-51_690189,2014,0.934128578
4,Fenneropenaeus_indicus-51_690189,2001,0.934128578
4,Fenneropenaeus_indicus-51_690189,2002,0.934128578
4,Fenneropenaeus_indicus-51_690189,2003,0.934128578
4,Fenneropenaeus_indicus-51_690189,2004,0.934128578
4,Fenneropenaeus_indicus-51_690189,2005,0.934128578
4,Fenneropenaeus_indicus-51_690189,2006,0.934128578
4,Fenneropenaeus_indicus-51_690189,2007,0.934128578
4,Fenneropenaeus_indicus-51_690189,2008,0.934128578
4,Fenneropenaeus_indicus-51_690189,2009,0.934128578
4,Fenneropenaeus_indicus-51_690189,2010,0.934128578
4,Fenneropenaeus_indicus-51_690189,2011,0.934128578
4,Fenneropenaeus_indicus-51_690189,2012,0.934128578
4,Fenneropenaeus_indicus-51_690189,2013,0.934128578
4,Fenneropenaeus_indicus-51_690189,2014,0.934128578
5,Fenneropenaeus_indicus-51_690189,2001,0.934128578
5,Fenneropenaeus_indicus-51_690189,2002,0.934128578
5,Fenneropenaeus_indicus-51_690189,2003,0.934128578
5,Fenneropenaeus_indicus-51_690189,2004,0.934128578
5,Fenneropenaeus_indicus-51_690189,2005,0.934128578
5,Fenneropenaeus_indicus-51_690189,2006,0.934128578
5,Fenneropenaeus_indicus-51_690189,2007,0.934128578
5,Fenneropenaeus_indicus-51_690189,2008,0.934128578
5,Fenneropenaeus_indicus-51_690189,2009,0.934128578
5,Fenneropenaeus_indicus-51_690189,2010,0.934128578
5,Fenneropenaeus_indicus-51_690189,2011,0.934128578
5,Fenneropenaeus_indicus-51_690189,2012,0.934128578
5,Fenneropenaeus_indicus-51_690189,2013,0.934128578
5,Fenneropenaeus_indicus-51_690189,2014,0.934128578
6,Fenneropenaeus_indicus-51_690189,2001,0.934128578
6,Fenneropenaeus_indicus-51_690189,2002,0.934128578
6,Fenneropenaeus_indicus-51_690189,2003,0.934128578
6,Fenneropenaeus_indicus-51_690189,2004,0.934128578
6,Fenneropenaeus_indicus-51_690189,2005,0.934128578
6,Fenneropenaeus_indicus-51_690189,2006,0.934128578
6,Fenneropenaeus_indicus-51_690189,2007,0.934128578
6,Fenneropenaeus_indicus-51_690189,2008,0.934128578
6,Fenneropenaeus_indicus-51_690189,2009,0.934128578
6,Fenneropenaeus_indicus-51_690189,2010,0.934128578
6,Fenneropenaeus_indicus-51_690189,2011,0.934128578
6,Fenneropenaeus_indicus-51_690189,2012,0.934128578
6,Fenneropenaeus_indicus-51_690189,2013,0.934128578
6,Fenneropenaeus_indicus-51_690189,2014,0.934128578
1,Gerres_oyena-51_605996,2001,7.422705207
1,Gerres_oyena-51_605996,2002,7.422705207
1,Gerres_oyena-51_605996,2003,7.422705207
1,Gerres_oyena-51_605996,2004,7.422705207
1,Gerres_oyena-51_605996,2005,7.422705207
1,Gerres_oyena-51_605996,2006,7.422705207
1,Gerres_oyena-51_605996,2007,7.422705207
1,Gerres_oyena-51_605996,2008,7.422705207
1,Gerres_oyena-51_605996,2009,7.422705207
1,Gerres_oyena-51_605996,2010,7.422705207
1,Gerres_oyena-51_605996,2011,7.422705207
1,Gerres_oyena-51_605996,2012,7.422705207
1,Gerres_oyena-51_605996,2013,7.422705207
1,Gerres_oyena-51_605996,2014,7.422705207
2,Gerres_oyena-51_605996,2001,7.422705207
2,Gerres_oyena-51_605996,2002,7.422705207
2,Gerres_oyena-51_605996,2003,7.422705207
2,Gerres_oyena-51_605996,2004,7.422705207
2,Gerres_oyena-51_605996,2005,7.422705207
2,Gerres_oyena-51_605996,2006,7.422705207
2,Gerres_oyena-51_605996,2007,7.422705207
2,Gerres_oyena-51_605996,2008,7.422705207
2,Gerres_oyena-51_605996,2009,7.422705207
2,Gerres_oyena-51_605996,2010,7.422705207
2,Gerres_oyena-51_605996,2011,7.422705207
2,Gerres_oyena-51_605996,2012,7.422705207
2,Gerres_oyena-51_605996,2013,7.422705207
2,Gerres_oyena-51_605996,2014,7.422705207
3,Gerres_oyena-51_605996,2001,7.422705207
3,Gerres_oyena-51_605996,2002,7.422705207
3,Gerres_oyena-51_605996,2003,7.422705207
3,Gerres_oyena-51_605996,2004,7.422705207
3,Gerres_oyena-51_605996,2005,7.422705207
3,Gerres_oyena-51_605996,2006,7.422705207
3,Gerres_oyena-51_605996,2007,7.422705207
3,Gerres_oyena-51_605996,2008,7.422705207
3,Gerres_oyena-51_605996,2009,7.422705207
3,Gerres_oyena-51_605996,2010,7.422705207
3,Gerres_oyena-51_605996,2011,7.422705207
3,Gerres_oyena-51_605996,2012,7.422705207
3,Gerres_oyena-51_605996,2013,7.422705207
3,Gerres_oyena-51_605996,2014,7.422705207
4,Gerres_oyena-51_605996,2001,7.422705207
4,Gerres_oyena-51_605996,2002,7.422705207
4,Gerres_oyena-51_605996,2003,7.422705207
4,Gerres_oyena-51_605996,2004,7.422705207
4,Gerres_oyena-51_605996,2005,7.422705207
4,Gerres_oyena-51_605996,2006,7.422705207
4,Gerres_oyena-51_605996,2007,7.422705207
4,Gerres_oyena-51_605996,2008,7.422705207
4,Gerres_oyena-51_605996,2009,7.422705207
4,Gerres_oyena-51_605996,2010,7.422705207
4,Gerres_oyena-51_605996,2011,7.422705207
4,Gerres_oyena-51_605996,2012,7.422705207
4,Gerres_oyena-51_605996,2013,7.422705207
4,Gerres_oyena-51_605996,2014,7.422705207
5,Gerres_oyena-51_605996,2001,7.422705207
5,Gerres_oyena-51_605996,2002,7.422705207
5,Gerres_oyena-51_605996,2003,7.422705207
5,Gerres_oyena-51_605996,2004,7.422705207
5,Gerres_oyena-51_605996,2005,7.422705207
5,Gerres_oyena-51_605996,2006,7.422705207
5,Gerres_oyena-51_605996,2007,7.422705207
5,Gerres_oyena-51_605996,2008,7.422705207
5,Gerres_oyena-51_605996,2009,7.422705207
5,Gerres_oyena-51_605996,2010,7.422705207
5,Gerres_oyena-51_605996,2011,7.422705207
5,Gerres_oyena-51_605996,2012,7.422705207
5,Gerres_oyena-51_605996,2013,7.422705207
5,Gerres_oyena-51_605996,2014,7.422705207
6,Gerres_oyena-51_605996,2001,7.422705207
6,Gerres_oyena-51_605996,2002,7.422705207
6,Gerres_oyena-51_605996,2003,7.422705207
6,Gerres_oyena-51_605996,2004,7.422705207
6,Gerres_oyena-51_605996,2005,7.422705207
6,Gerres_oyena-51_605996,2006,7.422705207
6,Gerres_oyena-51_605996,2007,7.422705207
6,Gerres_oyena-51_605996,2008,7.422705207
6,Gerres_oyena-51_605996,2009,7.422705207
6,Gerres_oyena-51_605996,2010,7.422705207
6,Gerres_oyena-51_605996,2011,7.422705207
6,Gerres_oyena-51_605996,2012,7.422705207
6,Gerres_oyena-51_605996,2013,7.422705207
6,Gerres_oyena-51_605996,2014,7.422705207
1,Haemulidae-51_400327,2001,193.7685765
1,Haemulidae-51_400327,2002,193.7685765
1,Haemulidae-51_400327,2003,193.7685765
1,Haemulidae-51_400327,2004,193.7685765
1,Haemulidae-51_400327,2005,193.7685765
1,Haemulidae-51_400327,2006,193.7685765
1,Haemulidae-51_400327,2007,193.7685765
1,Haemulidae-51_400327,2008,193.7685765
1,Haemulidae-51_400327,2009,193.7685765
1,Haemulidae-51_400327,2010,193.7685765
1,Haemulidae-51_400327,2011,193.7685765
1,Haemulidae-51_400327,2012,193.7685765
1,Haemulidae-51_400327,2013,193.7685765
1,Haemulidae-51_400327,2014,193.7685765
2,Haemulidae-51_400327,2001,193.7685765
2,Haemulidae-51_400327,2002,193.7685765
2,Haemulidae-51_400327,2003,193.7685765
2,Haemulidae-51_400327,2004,193.7685765
2,Haemulidae-51_400327,2005,193.7685765
2,Haemulidae-51_400327,2006,193.7685765
2,Haemulidae-51_400327,2007,193.7685765
2,Haemulidae-51_400327,2008,193.7685765
2,Haemulidae-51_400327,2009,193.7685765
2,Haemulidae-51_400327,2010,193.7685765
2,Haemulidae-51_400327,2011,193.7685765
2,Haemulidae-51_400327,2012,193.7685765
2,Haemulidae-51_400327,2013,193.7685765
2,Haemulidae-51_400327,2014,193.7685765
3,Haemulidae-51_400327,2001,193.7685765
3,Haemulidae-51_400327,2002,193.7685765
3,Haemulidae-51_400327,2003,193.7685765
3,Haemulidae-51_400327,2004,193.7685765
3,Haemulidae-51_400327,2005,193.7685765
3,Haemulidae-51_400327,2006,193.7685765
3,Haemulidae-51_400327,2007,193.7685765
3,Haemulidae-51_400327,2008,193.7685765
3,Haemulidae-51_400327,2009,193.7685765
3,Haemulidae-51_400327,2010,193.7685765
3,Haemulidae-51_400327,2011,193.7685765
3,Haemulidae-51_400327,2012,193.7685765
3,Haemulidae-51_400327,2013,193.7685765
3,Haemulidae-51_400327,2014,193.7685765
4,Haemulidae-51_400327,2001,193.7685765
4,Haemulidae-51_400327,2002,193.7685765
4,Haemulidae-51_400327,2003,193.7685765
4,Haemulidae-51_400327,2004,193.7685765
4,Haemulidae-51_400327,2005,193.7685765
4,Haemulidae-51_400327,2006,193.7685765
4,Haemulidae-51_400327,2007,193.7685765
4,Haemulidae-51_400327,2008,193.7685765
4,Haemulidae-51_400327,2009,193.7685765
4,Haemulidae-51_400327,2010,193.7685765
4,Haemulidae-51_400327,2011,193.7685765
4,Haemulidae-51_400327,2012,193.7685765
4,Haemulidae-51_400327,2013,193.7685765
4,Haemulidae-51_400327,2014,193.7685765
5,Haemulidae-51_400327,2001,193.7685765
5,Haemulidae-51_400327,2002,193.7685765
5,Haemulidae-51_400327,2003,193.7685765
5,Haemulidae-51_400327,2004,193.7685765
5,Haemulidae-51_400327,2005,193.7685765
5,Haemulidae-51_400327,2006,193.7685765
5,Haemulidae-51_400327,2007,193.7685765
5,Haemulidae-51_400327,2008,193.7685765
5,Haemulidae-51_400327,2009,193.7685765
5,Haemulidae-51_400327,2010,193.7685765
5,Haemulidae-51_400327,2011,193.7685765
5,Haemulidae-51_400327,2012,193.7685765
5,Haemulidae-51_400327,2013,193.7685765
5,Haemulidae-51_400327,2014,193.7685765
6,Haemulidae-51_400327,2001,193.7685765
6,Haemulidae-51_400327,2002,193.7685765
6,Haemulidae-51_400327,2003,193.7685765
6,Haemulidae-51_400327,2004,193.7685765
6,Haemulidae-51_400327,2005,193.7685765
6,Haemulidae-51_400327,2006,193.7685765
6,Haemulidae-51_400327,2007,193.7685765
6,Haemulidae-51_400327,2008,193.7685765
6,Haemulidae-51_400327,2009,193.7685765
6,Haemulidae-51_400327,2010,193.7685765
6,Haemulidae-51_400327,2011,193.7685765
6,Haemulidae-51_400327,2012,193.7685765
6,Haemulidae-51_400327,2013,193.7685765
6,Haemulidae-51_400327,2014,193.7685765
1,Lethrinidae-51_400328,2001,1714.555138
1,Lethrinidae-51_400328,2002,1714.555138
1,Lethrinidae-51_400328,2003,1714.555138
1,Lethrinidae-51_400328,2004,1714.555138
1,Lethrinidae-51_400328,2005,1714.555138
1,Lethrinidae-51_400328,2006,1714.555138
1,Lethrinidae-51_400328,2007,1714.555138
1,Lethrinidae-51_400328,2008,1714.555138
1,Lethrinidae-51_400328,2009,1714.555138
1,Lethrinidae-51_400328,2010,1714.555138
1,Lethrinidae-51_400328,2011,1714.555138
1,Lethrinidae-51_400328,2012,1714.555138
1,Lethrinidae-51_400328,2013,1714.555138
1,Lethrinidae-51_400328,2014,1714.555138
2,Lethrinidae-51_400328,2001,1714.555138
2,Lethrinidae-51_400328,2002,1714.555138
2,Lethrinidae-51_400328,2003,1714.555138
2,Lethrinidae-51_400328,2004,1714.555138
2,Lethrinidae-51_400328,2005,1714.555138
2,Lethrinidae-51_400328,2006,1714.555138
2,Lethrinidae-51_400328,2007,1714.555138
2,Lethrinidae-51_400328,2008,1714.555138
2,Lethrinidae-51_400328,2009,1714.555138
2,Lethrinidae-51_400328,2010,1714.555138
2,Lethrinidae-51_400328,2011,1714.555138
2,Lethrinidae-51_400328,2012,1714.555138
2,Lethrinidae-51_400328,2013,1714.555138
2,Lethrinidae-51_400328,2014,1714.555138
3,Lethrinidae-51_400328,2001,1714.555138
3,Lethrinidae-51_400328,2002,1714.555138
3,Lethrinidae-51_400328,2003,1714.555138
3,Lethrinidae-51_400328,2004,1714.555138
3,Lethrinidae-51_400328,2005,1714.555138
3,Lethrinidae-51_400328,2006,1714.555138
3,Lethrinidae-51_400328,2007,1714.555138
3,Lethrinidae-51_400328,2008,1714.555138
3,Lethrinidae-51_400328,2009,1714.555138
3,Lethrinidae-51_400328,2010,1714.555138
3,Lethrinidae-51_400328,2011,1714.555138
3,Lethrinidae-51_400328,2012,1714.555138
3,Lethrinidae-51_400328,2013,1714.555138
3,Lethrinidae-51_400328,2014,1714.555138
4,Lethrinidae-51_400328,2001,1714.555138
4,Lethrinidae-51_400328,2002,1714.555138
4,Lethrinidae-51_400328,2003,1714.555138
4,Lethrinidae-51_400328,2004,1714.555138
4,Lethrinidae-51_400328,2005,1714.555138
4,Lethrinidae-51_400328,2006,1714.555138
4,Lethrinidae-51_400328,2007,1714.555138
4,Lethrinidae-51_400328,2008,1714.555138
4,Lethrinidae-51_400328,2009,1714.555138
4,Lethrinidae-51_400328,2010,1714.555138
4,Lethrinidae-51_400328,2011,1714.555138
4,Lethrinidae-51_400328,2012,1714.555138
4,Lethrinidae-51_400328,2013,1714.555138
4,Lethrinidae-51_400328,2014,1714.555138
5,Lethrinidae-51_400328,2001,1714.555138
5,Lethrinidae-51_400328,2002,1714.555138
5,Lethrinidae-51_400328,2003,1714.555138
5,Lethrinidae-51_400328,2004,1714.555138
5,Lethrinidae-51_400328,2005,1714.555138
5,Lethrinidae-51_400328,2006,1714.555138
5,Lethrinidae-51_400328,2007,1714.555138
5,Lethrinidae-51_400328,2008,1714.555138
5,Lethrinidae-51_400328,2009,1714.555138
5,Lethrinidae-51_400328,2010,1714.555138
5,Lethrinidae-51_400328,2011,1714.555138
5,Lethrinidae-51_400328,2012,1714.555138
5,Lethrinidae-51_400328,2013,1714.555138
5,Lethrinidae-51_400328,2014,1714.555138
6,Lethrinidae-51_400328,2001,1714.555138
6,Lethrinidae-51_400328,2002,1714.555138
6,Lethrinidae-51_400328,2003,1714.555138
6,Lethrinidae-51_400328,2004,1714.555138
6,Lethrinidae-51_400328,2005,1714.555138
6,Lethrinidae-51_400328,2006,1714.555138
6,Lethrinidae-51_400328,2007,1714.555138
6,Lethrinidae-51_400328,2008,1714.555138
6,Lethrinidae-51_400328,2009,1714.555138
6,Lethrinidae-51_400328,2010,1714.555138
6,Lethrinidae-51_400328,2011,1714.555138
6,Lethrinidae-51_400328,2012,1714.555138
6,Lethrinidae-51_400328,2013,1714.555138
6,Lethrinidae-51_400328,2014,1714.555138
1,Lethrinus_harak-51_601851,2001,3.177945069
1,Lethrinus_harak-51_601851,2002,3.177945069
1,Lethrinus_harak-51_601851,2003,3.177945069
1,Lethrinus_harak-51_601851,2004,3.177945069
1,Lethrinus_harak-51_601851,2005,3.177945069
1,Lethrinus_harak-51_601851,2006,3.177945069
1,Lethrinus_harak-51_601851,2007,3.177945069
1,Lethrinus_harak-51_601851,2008,3.177945069
1,Lethrinus_harak-51_601851,2009,3.177945069
1,Lethrinus_harak-51_601851,2010,3.177945069
1,Lethrinus_harak-51_601851,2011,3.177945069
1,Lethrinus_harak-51_601851,2012,3.177945069
1,Lethrinus_harak-51_601851,2013,3.177945069
1,Lethrinus_harak-51_601851,2014,3.177945069
2,Lethrinus_harak-51_601851,2001,3.177945069
2,Lethrinus_harak-51_601851,2002,3.177945069
2,Lethrinus_harak-51_601851,2003,3.177945069
2,Lethrinus_harak-51_601851,2004,3.177945069
2,Lethrinus_harak-51_601851,2005,3.177945069
2,Lethrinus_harak-51_601851,2006,3.177945069
2,Lethrinus_harak-51_601851,2007,3.177945069
2,Lethrinus_harak-51_601851,2008,3.177945069
2,Lethrinus_harak-51_601851,2009,3.177945069
2,Lethrinus_harak-51_601851,2010,3.177945069
2,Lethrinus_harak-51_601851,2011,3.177945069
2,Lethrinus_harak-51_601851,2012,3.177945069
2,Lethrinus_harak-51_601851,2013,3.177945069
2,Lethrinus_harak-51_601851,2014,3.177945069
3,Lethrinus_harak-51_601851,2001,3.177945069
3,Lethrinus_harak-51_601851,2002,3.177945069
3,Lethrinus_harak-51_601851,2003,3.177945069
3,Lethrinus_harak-51_601851,2004,3.177945069
3,Lethrinus_harak-51_601851,2005,3.177945069
3,Lethrinus_harak-51_601851,2006,3.177945069
3,Lethrinus_harak-51_601851,2007,3.177945069
3,Lethrinus_harak-51_601851,2008,3.177945069
3,Lethrinus_harak-51_601851,2009,3.177945069
3,Lethrinus_harak-51_601851,2010,3.177945069
3,Lethrinus_harak-51_601851,2011,3.177945069
3,Lethrinus_harak-51_601851,2012,3.177945069
3,Lethrinus_harak-51_601851,2013,3.177945069
3,Lethrinus_harak-51_601851,2014,3.177945069
4,Lethrinus_harak-51_601851,2001,3.177945069
4,Lethrinus_harak-51_601851,2002,3.177945069
4,Lethrinus_harak-51_601851,2003,3.177945069
4,Lethrinus_harak-51_601851,2004,3.177945069
4,Lethrinus_harak-51_601851,2005,3.177945069
4,Lethrinus_harak-51_601851,2006,3.177945069
4,Lethrinus_harak-51_601851,2007,3.177945069
4,Lethrinus_harak-51_601851,2008,3.177945069
4,Lethrinus_harak-51_601851,2009,3.177945069
4,Lethrinus_harak-51_601851,2010,3.177945069
4,Lethrinus_harak-51_601851,2011,3.177945069
4,Lethrinus_harak-51_601851,2012,3.177945069
4,Lethrinus_harak-51_601851,2013,3.177945069
4,Lethrinus_harak-51_601851,2014,3.177945069
5,Lethrinus_harak-51_601851,2001,3.177945069
5,Lethrinus_harak-51_601851,2002,3.177945069
5,Lethrinus_harak-51_601851,2003,3.177945069
5,Lethrinus_harak-51_601851,2004,3.177945069
5,Lethrinus_harak-51_601851,2005,3.177945069
5,Lethrinus_harak-51_601851,2006,3.177945069
5,Lethrinus_harak-51_601851,2007,3.177945069
5,Lethrinus_harak-51_601851,2008,3.177945069
5,Lethrinus_harak-51_601851,2009,3.177945069
5,Lethrinus_harak-51_601851,2010,3.177945069
5,Lethrinus_harak-51_601851,2011,3.177945069
5,Lethrinus_harak-51_601851,2012,3.177945069
5,Lethrinus_harak-51_601851,2013,3.177945069
5,Lethrinus_harak-51_601851,2014,3.177945069
6,Lethrinus_harak-51_601851,2001,3.177945069
6,Lethrinus_harak-51_601851,2002,3.177945069
6,Lethrinus_harak-51_601851,2003,3.177945069
6,Lethrinus_harak-51_601851,2004,3.177945069
6,Lethrinus_harak-51_601851,2005,3.177945069
6,Lethrinus_harak-51_601851,2006,3.177945069
6,Lethrinus_harak-51_601851,2007,3.177945069
6,Lethrinus_harak-51_601851,2008,3.177945069
6,Lethrinus_harak-51_601851,2009,3.177945069
6,Lethrinus_harak-51_601851,2010,3.177945069
6,Lethrinus_harak-51_601851,2011,3.177945069
6,Lethrinus_harak-51_601851,2012,3.177945069
6,Lethrinus_harak-51_601851,2013,3.177945069
6,Lethrinus_harak-51_601851,2014,3.177945069
1,Lethrinus_lentjan-51_601863,2001,7.700314661
1,Lethrinus_lentjan-51_601863,2002,7.700314661
1,Lethrinus_lentjan-51_601863,2003,7.700314661
1,Lethrinus_lentjan-51_601863,2004,7.700314661
1,Lethrinus_lentjan-51_601863,2005,7.700314661
1,Lethrinus_lentjan-51_601863,2006,7.700314661
1,Lethrinus_lentjan-51_601863,2007,7.700314661
1,Lethrinus_lentjan-51_601863,2008,7.700314661
1,Lethrinus_lentjan-51_601863,2009,7.700314661
1,Lethrinus_lentjan-51_601863,2010,7.700314661
1,Lethrinus_lentjan-51_601863,2011,7.700314661
1,Lethrinus_lentjan-51_601863,2012,7.700314661
1,Lethrinus_lentjan-51_601863,2013,7.700314661
1,Lethrinus_lentjan-51_601863,2014,7.700314661
2,Lethrinus_lentjan-51_601863,2001,7.700314661
2,Lethrinus_lentjan-51_601863,2002,7.700314661
2,Lethrinus_lentjan-51_601863,2003,7.700314661
2,Lethrinus_lentjan-51_601863,2004,7.700314661
2,Lethrinus_lentjan-51_601863,2005,7.700314661
2,Lethrinus_lentjan-51_601863,2006,7.700314661
2,Lethrinus_lentjan-51_601863,2007,7.700314661
2,Lethrinus_lentjan-51_601863,2008,7.700314661
2,Lethrinus_lentjan-51_601863,2009,7.700314661
2,Lethrinus_lentjan-51_601863,2010,7.700314661
2,Lethrinus_lentjan-51_601863,2011,7.700314661
2,Lethrinus_lentjan-51_601863,2012,7.700314661
2,Lethrinus_lentjan-51_601863,2013,7.700314661
2,Lethrinus_lentjan-51_601863,2014,7.700314661
3,Lethrinus_lentjan-51_601863,2001,7.700314661
3,Lethrinus_lentjan-51_601863,2002,7.700314661
3,Lethrinus_lentjan-51_601863,2003,7.700314661
3,Lethrinus_lentjan-51_601863,2004,7.700314661
3,Lethrinus_lentjan-51_601863,2005,7.700314661
3,Lethrinus_lentjan-51_601863,2006,7.700314661
3,Lethrinus_lentjan-51_601863,2007,7.700314661
3,Lethrinus_lentjan-51_601863,2008,7.700314661
3,Lethrinus_lentjan-51_601863,2009,7.700314661
3,Lethrinus_lentjan-51_601863,2010,7.700314661
3,Lethrinus_lentjan-51_601863,2011,7.700314661
3,Lethrinus_lentjan-51_601863,2012,7.700314661
3,Lethrinus_lentjan-51_601863,2013,7.700314661
3,Lethrinus_lentjan-51_601863,2014,7.700314661
4,Lethrinus_lentjan-51_601863,2001,7.700314661
4,Lethrinus_lentjan-51_601863,2002,7.700314661
4,Lethrinus_lentjan-51_601863,2003,7.700314661
4,Lethrinus_lentjan-51_601863,2004,7.700314661
4,Lethrinus_lentjan-51_601863,2005,7.700314661
4,Lethrinus_lentjan-51_601863,2006,7.700314661
4,Lethrinus_lentjan-51_601863,2007,7.700314661
4,Lethrinus_lentjan-51_601863,2008,7.700314661
4,Lethrinus_lentjan-51_601863,2009,7.700314661
4,Lethrinus_lentjan-51_601863,2010,7.700314661
4,Lethrinus_lentjan-51_601863,2011,7.700314661
4,Lethrinus_lentjan-51_601863,2012,7.700314661
4,Lethrinus_lentjan-51_601863,2013,7.700314661
4,Lethrinus_lentjan-51_601863,2014,7.700314661
5,Lethrinus_lentjan-51_601863,2001,7.700314661
5,Lethrinus_lentjan-51_601863,2002,7.700314661
5,Lethrinus_lentjan-51_601863,2003,7.700314661
5,Lethrinus_lentjan-51_601863,2004,7.700314661
5,Lethrinus_lentjan-51_601863,2005,7.700314661
5,Lethrinus_lentjan-51_601863,2006,7.700314661
5,Lethrinus_lentjan-51_601863,2007,7.700314661
5,Lethrinus_lentjan-51_601863,2008,7.700314661
5,Lethrinus_lentjan-51_601863,2009,7.700314661
5,Lethrinus_lentjan-51_601863,2010,7.700314661
5,Lethrinus_lentjan-51_601863,2011,7.700314661
5,Lethrinus_lentjan-51_601863,2012,7.700314661
5,Lethrinus_lentjan-51_601863,2013,7.700314661
5,Lethrinus_lentjan-51_601863,2014,7.700314661
6,Lethrinus_lentjan-51_601863,2001,7.700314661
6,Lethrinus_lentjan-51_601863,2002,7.700314661
6,Lethrinus_lentjan-51_601863,2003,7.700314661
6,Lethrinus_lentjan-51_601863,2004,7.700314661
6,Lethrinus_lentjan-51_601863,2005,7.700314661
6,Lethrinus_lentjan-51_601863,2006,7.700314661
6,Lethrinus_lentjan-51_601863,2007,7.700314661
6,Lethrinus_lentjan-51_601863,2008,7.700314661
6,Lethrinus_lentjan-51_601863,2009,7.700314661
6,Lethrinus_lentjan-51_601863,2010,7.700314661
6,Lethrinus_lentjan-51_601863,2011,7.700314661
6,Lethrinus_lentjan-51_601863,2012,7.700314661
6,Lethrinus_lentjan-51_601863,2013,7.700314661
6,Lethrinus_lentjan-51_601863,2014,7.700314661
1,Lethrinus_nebulosus-51_601846,2001,9.514052519
1,Lethrinus_nebulosus-51_601846,2002,9.514052519
1,Lethrinus_nebulosus-51_601846,2003,9.514052519
1,Lethrinus_nebulosus-51_601846,2004,9.514052519
1,Lethrinus_nebulosus-51_601846,2005,9.514052519
1,Lethrinus_nebulosus-51_601846,2006,9.514052519
1,Lethrinus_nebulosus-51_601846,2007,9.514052519
1,Lethrinus_nebulosus-51_601846,2008,9.514052519
1,Lethrinus_nebulosus-51_601846,2009,9.514052519
1,Lethrinus_nebulosus-51_601846,2010,9.514052519
1,Lethrinus_nebulosus-51_601846,2011,9.514052519
1,Lethrinus_nebulosus-51_601846,2012,9.514052519
1,Lethrinus_nebulosus-51_601846,2013,9.514052519
1,Lethrinus_nebulosus-51_601846,2014,9.514052519
2,Lethrinus_nebulosus-51_601846,2001,9.514052519
2,Lethrinus_nebulosus-51_601846,2002,9.514052519
2,Lethrinus_nebulosus-51_601846,2003,9.514052519
2,Lethrinus_nebulosus-51_601846,2004,9.514052519
2,Lethrinus_nebulosus-51_601846,2005,9.514052519
2,Lethrinus_nebulosus-51_601846,2006,9.514052519
2,Lethrinus_nebulosus-51_601846,2007,9.514052519
2,Lethrinus_nebulosus-51_601846,2008,9.514052519
2,Lethrinus_nebulosus-51_601846,2009,9.514052519
2,Lethrinus_nebulosus-51_601846,2010,9.514052519
2,Lethrinus_nebulosus-51_601846,2011,9.514052519
2,Lethrinus_nebulosus-51_601846,2012,9.514052519
2,Lethrinus_nebulosus-51_601846,2013,9.514052519
2,Lethrinus_nebulosus-51_601846,2014,9.514052519
3,Lethrinus_nebulosus-51_601846,2001,9.514052519
3,Lethrinus_nebulosus-51_601846,2002,9.514052519
3,Lethrinus_nebulosus-51_601846,2003,9.514052519
3,Lethrinus_nebulosus-51_601846,2004,9.514052519
3,Lethrinus_nebulosus-51_601846,2005,9.514052519
3,Lethrinus_nebulosus-51_601846,2006,9.514052519
3,Lethrinus_nebulosus-51_601846,2007,9.514052519
3,Lethrinus_nebulosus-51_601846,2008,9.514052519
3,Lethrinus_nebulosus-51_601846,2009,9.514052519
3,Lethrinus_nebulosus-51_601846,2010,9.514052519
3,Lethrinus_nebulosus-51_601846,2011,9.514052519
3,Lethrinus_nebulosus-51_601846,2012,9.514052519
3,Lethrinus_nebulosus-51_601846,2013,9.514052519
3,Lethrinus_nebulosus-51_601846,2014,9.514052519
4,Lethrinus_nebulosus-51_601846,2001,9.514052519
4,Lethrinus_nebulosus-51_601846,2002,9.514052519
4,Lethrinus_nebulosus-51_601846,2003,9.514052519
4,Lethrinus_nebulosus-51_601846,2004,9.514052519
4,Lethrinus_nebulosus-51_601846,2005,9.514052519
4,Lethrinus_nebulosus-51_601846,2006,9.514052519
4,Lethrinus_nebulosus-51_601846,2007,9.514052519
4,Lethrinus_nebulosus-51_601846,2008,9.514052519
4,Lethrinus_nebulosus-51_601846,2009,9.514052519
4,Lethrinus_nebulosus-51_601846,2010,9.514052519
4,Lethrinus_nebulosus-51_601846,2011,9.514052519
4,Lethrinus_nebulosus-51_601846,2012,9.514052519
4,Lethrinus_nebulosus-51_601846,2013,9.514052519
4,Lethrinus_nebulosus-51_601846,2014,9.514052519
5,Lethrinus_nebulosus-51_601846,2001,9.514052519
5,Lethrinus_nebulosus-51_601846,2002,9.514052519
5,Lethrinus_nebulosus-51_601846,2003,9.514052519
5,Lethrinus_nebulosus-51_601846,2004,9.514052519
5,Lethrinus_nebulosus-51_601846,2005,9.514052519
5,Lethrinus_nebulosus-51_601846,2006,9.514052519
5,Lethrinus_nebulosus-51_601846,2007,9.514052519
5,Lethrinus_nebulosus-51_601846,2008,9.514052519
5,Lethrinus_nebulosus-51_601846,2009,9.514052519
5,Lethrinus_nebulosus-51_601846,2010,9.514052519
5,Lethrinus_nebulosus-51_601846,2011,9.514052519
5,Lethrinus_nebulosus-51_601846,2012,9.514052519
5,Lethrinus_nebulosus-51_601846,2013,9.514052519
5,Lethrinus_nebulosus-51_601846,2014,9.514052519
6,Lethrinus_nebulosus-51_601846,2001,9.514052519
6,Lethrinus_nebulosus-51_601846,2002,9.514052519
6,Lethrinus_nebulosus-51_601846,2003,9.514052519
6,Lethrinus_nebulosus-51_601846,2004,9.514052519
6,Lethrinus_nebulosus-51_601846,2005,9.514052519
6,Lethrinus_nebulosus-51_601846,2006,9.514052519
6,Lethrinus_nebulosus-51_601846,2007,9.514052519
6,Lethrinus_nebulosus-51_601846,2008,9.514052519
6,Lethrinus_nebulosus-51_601846,2009,9.514052519
6,Lethrinus_nebulosus-51_601846,2010,9.514052519
6,Lethrinus_nebulosus-51_601846,2011,9.514052519
6,Lethrinus_nebulosus-51_601846,2012,9.514052519
6,Lethrinus_nebulosus-51_601846,2013,9.514052519
6,Lethrinus_nebulosus-51_601846,2014,9.514052519
1,Lethrinus_olivaceus-51_601864,2001,7.796603564
1,Lethrinus_olivaceus-51_601864,2002,7.796603564
1,Lethrinus_olivaceus-51_601864,2003,7.796603564
1,Lethrinus_olivaceus-51_601864,2004,7.796603564
1,Lethrinus_olivaceus-51_601864,2005,7.796603564
1,Lethrinus_olivaceus-51_601864,2006,7.796603564
1,Lethrinus_olivaceus-51_601864,2007,7.796603564
1,Lethrinus_olivaceus-51_601864,2008,7.796603564
1,Lethrinus_olivaceus-51_601864,2009,7.796603564
1,Lethrinus_olivaceus-51_601864,2010,7.796603564
1,Lethrinus_olivaceus-51_601864,2011,7.796603564
1,Lethrinus_olivaceus-51_601864,2012,7.796603564
1,Lethrinus_olivaceus-51_601864,2013,7.796603564
1,Lethrinus_olivaceus-51_601864,2014,7.796603564
2,Lethrinus_olivaceus-51_601864,2001,7.796603564
2,Lethrinus_olivaceus-51_601864,2002,7.796603564
2,Lethrinus_olivaceus-51_601864,2003,7.796603564
2,Lethrinus_olivaceus-51_601864,2004,7.796603564
2,Lethrinus_olivaceus-51_601864,2005,7.796603564
2,Lethrinus_olivaceus-51_601864,2006,7.796603564
2,Lethrinus_olivaceus-51_601864,2007,7.796603564
2,Lethrinus_olivaceus-51_601864,2008,7.796603564
2,Lethrinus_olivaceus-51_601864,2009,7.796603564
2,Lethrinus_olivaceus-51_601864,2010,7.796603564
2,Lethrinus_olivaceus-51_601864,2011,7.796603564
2,Lethrinus_olivaceus-51_601864,2012,7.796603564
2,Lethrinus_olivaceus-51_601864,2013,7.796603564
2,Lethrinus_olivaceus-51_601864,2014,7.796603564
3,Lethrinus_olivaceus-51_601864,2001,7.796603564
3,Lethrinus_olivaceus-51_601864,2002,7.796603564
3,Lethrinus_olivaceus-51_601864,2003,7.796603564
3,Lethrinus_olivaceus-51_601864,2004,7.796603564
3,Lethrinus_olivaceus-51_601864,2005,7.796603564
3,Lethrinus_olivaceus-51_601864,2006,7.796603564
3,Lethrinus_olivaceus-51_601864,2007,7.796603564
3,Lethrinus_olivaceus-51_601864,2008,7.796603564
3,Lethrinus_olivaceus-51_601864,2009,7.796603564
3,Lethrinus_olivaceus-51_601864,2010,7.796603564
3,Lethrinus_olivaceus-51_601864,2011,7.796603564
3,Lethrinus_olivaceus-51_601864,2012,7.796603564
3,Lethrinus_olivaceus-51_601864,2013,7.796603564
3,Lethrinus_olivaceus-51_601864,2014,7.796603564
4,Lethrinus_olivaceus-51_601864,2001,7.796603564
4,Lethrinus_olivaceus-51_601864,2002,7.796603564
4,Lethrinus_olivaceus-51_601864,2003,7.796603564
4,Lethrinus_olivaceus-51_601864,2004,7.796603564
4,Lethrinus_olivaceus-51_601864,2005,7.796603564
4,Lethrinus_olivaceus-51_601864,2006,7.796603564
4,Lethrinus_olivaceus-51_601864,2007,7.796603564
4,Lethrinus_olivaceus-51_601864,2008,7.796603564
4,Lethrinus_olivaceus-51_601864,2009,7.796603564
4,Lethrinus_olivaceus-51_601864,2010,7.796603564
4,Lethrinus_olivaceus-51_601864,2011,7.796603564
4,Lethrinus_olivaceus-51_601864,2012,7.796603564
4,Lethrinus_olivaceus-51_601864,2013,7.796603564
4,Lethrinus_olivaceus-51_601864,2014,7.796603564
5,Lethrinus_olivaceus-51_601864,2001,7.796603564
5,Lethrinus_olivaceus-51_601864,2002,7.796603564
5,Lethrinus_olivaceus-51_601864,2003,7.796603564
5,Lethrinus_olivaceus-51_601864,2004,7.796603564
5,Lethrinus_olivaceus-51_601864,2005,7.796603564
5,Lethrinus_olivaceus-51_601864,2006,7.796603564
5,Lethrinus_olivaceus-51_601864,2007,7.796603564
5,Lethrinus_olivaceus-51_601864,2008,7.796603564
5,Lethrinus_olivaceus-51_601864,2009,7.796603564
5,Lethrinus_olivaceus-51_601864,2010,7.796603564
5,Lethrinus_olivaceus-51_601864,2011,7.796603564
5,Lethrinus_olivaceus-51_601864,2012,7.796603564
5,Lethrinus_olivaceus-51_601864,2013,7.796603564
5,Lethrinus_olivaceus-51_601864,2014,7.796603564
6,Lethrinus_olivaceus-51_601864,2001,7.796603564
6,Lethrinus_olivaceus-51_601864,2002,7.796603564
6,Lethrinus_olivaceus-51_601864,2003,7.796603564
6,Lethrinus_olivaceus-51_601864,2004,7.796603564
6,Lethrinus_olivaceus-51_601864,2005,7.796603564
6,Lethrinus_olivaceus-51_601864,2006,7.796603564
6,Lethrinus_olivaceus-51_601864,2007,7.796603564
6,Lethrinus_olivaceus-51_601864,2008,7.796603564
6,Lethrinus_olivaceus-51_601864,2009,7.796603564
6,Lethrinus_olivaceus-51_601864,2010,7.796603564
6,Lethrinus_olivaceus-51_601864,2011,7.796603564
6,Lethrinus_olivaceus-51_601864,2012,7.796603564
6,Lethrinus_olivaceus-51_601864,2013,7.796603564
6,Lethrinus_olivaceus-51_601864,2014,7.796603564
1,Lethrinus-51_501144,2006,7.748479148
1,Lethrinus-51_501144,2007,7.748479148
1,Lethrinus-51_501144,2008,7.748479148
1,Lethrinus-51_501144,2009,7.748479148
1,Lethrinus-51_501144,2010,7.748479148
1,Lethrinus-51_501144,2011,7.748479148
1,Lethrinus-51_501144,2012,7.748479148
1,Lethrinus-51_501144,2013,7.748479148
1,Lethrinus-51_501144,2014,7.748479148
2,Lethrinus-51_501144,2006,7.748479148
2,Lethrinus-51_501144,2007,7.748479148
2,Lethrinus-51_501144,2008,7.748479148
2,Lethrinus-51_501144,2009,7.748479148
2,Lethrinus-51_501144,2010,7.748479148
2,Lethrinus-51_501144,2011,7.748479148
2,Lethrinus-51_501144,2012,7.748479148
2,Lethrinus-51_501144,2013,7.748479148
2,Lethrinus-51_501144,2014,7.748479148
3,Lethrinus-51_501144,2006,7.748479148
3,Lethrinus-51_501144,2007,7.748479148
3,Lethrinus-51_501144,2008,7.748479148
3,Lethrinus-51_501144,2009,7.748479148
3,Lethrinus-51_501144,2010,7.748479148
3,Lethrinus-51_501144,2011,7.748479148
3,Lethrinus-51_501144,2012,7.748479148
3,Lethrinus-51_501144,2013,7.748479148
3,Lethrinus-51_501144,2014,7.748479148
4,Lethrinus-51_501144,2006,7.748479148
4,Lethrinus-51_501144,2007,7.748479148
4,Lethrinus-51_501144,2008,7.748479148
4,Lethrinus-51_501144,2009,7.748479148
4,Lethrinus-51_501144,2010,7.748479148
4,Lethrinus-51_501144,2011,7.748479148
4,Lethrinus-51_501144,2012,7.748479148
4,Lethrinus-51_501144,2013,7.748479148
4,Lethrinus-51_501144,2014,7.748479148
5,Lethrinus-51_501144,2006,7.748479148
5,Lethrinus-51_501144,2007,7.748479148
5,Lethrinus-51_501144,2008,7.748479148
5,Lethrinus-51_501144,2009,7.748479148
5,Lethrinus-51_501144,2010,7.748479148
5,Lethrinus-51_501144,2011,7.748479148
5,Lethrinus-51_501144,2012,7.748479148
5,Lethrinus-51_501144,2013,7.748479148
5,Lethrinus-51_501144,2014,7.748479148
6,Lethrinus-51_501144,2006,7.748479148
6,Lethrinus-51_501144,2007,7.748479148
6,Lethrinus-51_501144,2008,7.748479148
6,Lethrinus-51_501144,2009,7.748479148
6,Lethrinus-51_501144,2010,7.748479148
6,Lethrinus-51_501144,2011,7.748479148
6,Lethrinus-51_501144,2012,7.748479148
6,Lethrinus-51_501144,2013,7.748479148
6,Lethrinus-51_501144,2014,7.748479148
1,Metapenaeus_monoceros-51_690383,2001,97.82176122
1,Metapenaeus_monoceros-51_690383,2002,97.82176122
1,Metapenaeus_monoceros-51_690383,2003,97.82176122
1,Metapenaeus_monoceros-51_690383,2004,97.82176122
1,Metapenaeus_monoceros-51_690383,2005,97.82176122
1,Metapenaeus_monoceros-51_690383,2006,97.82176122
1,Metapenaeus_monoceros-51_690383,2007,97.82176122
1,Metapenaeus_monoceros-51_690383,2008,97.82176122
1,Metapenaeus_monoceros-51_690383,2009,97.82176122
1,Metapenaeus_monoceros-51_690383,2010,97.82176122
1,Metapenaeus_monoceros-51_690383,2011,97.82176122
1,Metapenaeus_monoceros-51_690383,2012,97.82176122
1,Metapenaeus_monoceros-51_690383,2013,97.82176122
1,Metapenaeus_monoceros-51_690383,2014,97.82176122
2,Metapenaeus_monoceros-51_690383,2001,97.82176122
2,Metapenaeus_monoceros-51_690383,2002,97.82176122
2,Metapenaeus_monoceros-51_690383,2003,97.82176122
2,Metapenaeus_monoceros-51_690383,2004,97.82176122
2,Metapenaeus_monoceros-51_690383,2005,97.82176122
2,Metapenaeus_monoceros-51_690383,2006,97.82176122
2,Metapenaeus_monoceros-51_690383,2007,97.82176122
2,Metapenaeus_monoceros-51_690383,2008,97.82176122
2,Metapenaeus_monoceros-51_690383,2009,97.82176122
2,Metapenaeus_monoceros-51_690383,2010,97.82176122
2,Metapenaeus_monoceros-51_690383,2011,97.82176122
2,Metapenaeus_monoceros-51_690383,2012,97.82176122
2,Metapenaeus_monoceros-51_690383,2013,97.82176122
2,Metapenaeus_monoceros-51_690383,2014,97.82176122
3,Metapenaeus_monoceros-51_690383,2001,97.82176122
3,Metapenaeus_monoceros-51_690383,2002,97.82176122
3,Metapenaeus_monoceros-51_690383,2003,97.82176122
3,Metapenaeus_monoceros-51_690383,2004,97.82176122
3,Metapenaeus_monoceros-51_690383,2005,97.82176122
3,Metapenaeus_monoceros-51_690383,2006,97.82176122
3,Metapenaeus_monoceros-51_690383,2007,97.82176122
3,Metapenaeus_monoceros-51_690383,2008,97.82176122
3,Metapenaeus_monoceros-51_690383,2009,97.82176122
3,Metapenaeus_monoceros-51_690383,2010,97.82176122
3,Metapenaeus_monoceros-51_690383,2011,97.82176122
3,Metapenaeus_monoceros-51_690383,2012,97.82176122
3,Metapenaeus_monoceros-51_690383,2013,97.82176122
3,Metapenaeus_monoceros-51_690383,2014,97.82176122
4,Metapenaeus_monoceros-51_690383,2001,97.82176122
4,Metapenaeus_monoceros-51_690383,2002,97.82176122
4,Metapenaeus_monoceros-51_690383,2003,97.82176122
4,Metapenaeus_monoceros-51_690383,2004,97.82176122
4,Metapenaeus_monoceros-51_690383,2005,97.82176122
4,Metapenaeus_monoceros-51_690383,2006,97.82176122
4,Metapenaeus_monoceros-51_690383,2007,97.82176122
4,Metapenaeus_monoceros-51_690383,2008,97.82176122
4,Metapenaeus_monoceros-51_690383,2009,97.82176122
4,Metapenaeus_monoceros-51_690383,2010,97.82176122
4,Metapenaeus_monoceros-51_690383,2011,97.82176122
4,Metapenaeus_monoceros-51_690383,2012,97.82176122
4,Metapenaeus_monoceros-51_690383,2013,97.82176122
4,Metapenaeus_monoceros-51_690383,2014,97.82176122
5,Metapenaeus_monoceros-51_690383,2001,97.82176122
5,Metapenaeus_monoceros-51_690383,2002,97.82176122
5,Metapenaeus_monoceros-51_690383,2003,97.82176122
5,Metapenaeus_monoceros-51_690383,2004,97.82176122
5,Metapenaeus_monoceros-51_690383,2005,97.82176122
5,Metapenaeus_monoceros-51_690383,2006,97.82176122
5,Metapenaeus_monoceros-51_690383,2007,97.82176122
5,Metapenaeus_monoceros-51_690383,2008,97.82176122
5,Metapenaeus_monoceros-51_690383,2009,97.82176122
5,Metapenaeus_monoceros-51_690383,2010,97.82176122
5,Metapenaeus_monoceros-51_690383,2011,97.82176122
5,Metapenaeus_monoceros-51_690383,2012,97.82176122
5,Metapenaeus_monoceros-51_690383,2013,97.82176122
5,Metapenaeus_monoceros-51_690383,2014,97.82176122
6,Metapenaeus_monoceros-51_690383,2001,97.82176122
6,Metapenaeus_monoceros-51_690383,2002,97.82176122
6,Metapenaeus_monoceros-51_690383,2003,97.82176122
6,Metapenaeus_monoceros-51_690383,2004,97.82176122
6,Metapenaeus_monoceros-51_690383,2005,97.82176122
6,Metapenaeus_monoceros-51_690383,2006,97.82176122
6,Metapenaeus_monoceros-51_690383,2007,97.82176122
6,Metapenaeus_monoceros-51_690383,2008,97.82176122
6,Metapenaeus_monoceros-51_690383,2009,97.82176122
6,Metapenaeus_monoceros-51_690383,2010,97.82176122
6,Metapenaeus_monoceros-51_690383,2011,97.82176122
6,Metapenaeus_monoceros-51_690383,2012,97.82176122
6,Metapenaeus_monoceros-51_690383,2013,97.82176122
6,Metapenaeus_monoceros-51_690383,2014,97.82176122
1,Metapenaeus-51_590091,2001,0.17292345
1,Metapenaeus-51_590091,2002,0.17292345
1,Metapenaeus-51_590091,2003,0.17292345
1,Metapenaeus-51_590091,2004,0.17292345
1,Metapenaeus-51_590091,2005,0.17292345
1,Metapenaeus-51_590091,2006,0.17292345
1,Metapenaeus-51_590091,2007,0.17292345
1,Metapenaeus-51_590091,2008,0.17292345
1,Metapenaeus-51_590091,2009,0.17292345
1,Metapenaeus-51_590091,2010,0.17292345
1,Metapenaeus-51_590091,2011,0.17292345
1,Metapenaeus-51_590091,2012,0.17292345
1,Metapenaeus-51_590091,2013,0.17292345
1,Metapenaeus-51_590091,2014,0.17292345
2,Metapenaeus-51_590091,2001,0.17292345
2,Metapenaeus-51_590091,2002,0.17292345
2,Metapenaeus-51_590091,2003,0.17292345
2,Metapenaeus-51_590091,2004,0.17292345
2,Metapenaeus-51_590091,2005,0.17292345
2,Metapenaeus-51_590091,2006,0.17292345
2,Metapenaeus-51_590091,2007,0.17292345
2,Metapenaeus-51_590091,2008,0.17292345
2,Metapenaeus-51_590091,2009,0.17292345
2,Metapenaeus-51_590091,2010,0.17292345
2,Metapenaeus-51_590091,2011,0.17292345
2,Metapenaeus-51_590091,2012,0.17292345
2,Metapenaeus-51_590091,2013,0.17292345
2,Metapenaeus-51_590091,2014,0.17292345
3,Metapenaeus-51_590091,2001,0.17292345
3,Metapenaeus-51_590091,2002,0.17292345
3,Metapenaeus-51_590091,2003,0.17292345
3,Metapenaeus-51_590091,2004,0.17292345
3,Metapenaeus-51_590091,2005,0.17292345
3,Metapenaeus-51_590091,2006,0.17292345
3,Metapenaeus-51_590091,2007,0.17292345
3,Metapenaeus-51_590091,2008,0.17292345
3,Metapenaeus-51_590091,2009,0.17292345
3,Metapenaeus-51_590091,2010,0.17292345
3,Metapenaeus-51_590091,2011,0.17292345
3,Metapenaeus-51_590091,2012,0.17292345
3,Metapenaeus-51_590091,2013,0.17292345
3,Metapenaeus-51_590091,2014,0.17292345
4,Metapenaeus-51_590091,2001,0.17292345
4,Metapenaeus-51_590091,2002,0.17292345
4,Metapenaeus-51_590091,2003,0.17292345
4,Metapenaeus-51_590091,2004,0.17292345
4,Metapenaeus-51_590091,2005,0.17292345
4,Metapenaeus-51_590091,2006,0.17292345
4,Metapenaeus-51_590091,2007,0.17292345
4,Metapenaeus-51_590091,2008,0.17292345
4,Metapenaeus-51_590091,2009,0.17292345
4,Metapenaeus-51_590091,2010,0.17292345
4,Metapenaeus-51_590091,2011,0.17292345
4,Metapenaeus-51_590091,2012,0.17292345
4,Metapenaeus-51_590091,2013,0.17292345
4,Metapenaeus-51_590091,2014,0.17292345
5,Metapenaeus-51_590091,2001,0.17292345
5,Metapenaeus-51_590091,2002,0.17292345
5,Metapenaeus-51_590091,2003,0.17292345
5,Metapenaeus-51_590091,2004,0.17292345
5,Metapenaeus-51_590091,2005,0.17292345
5,Metapenaeus-51_590091,2006,0.17292345
5,Metapenaeus-51_590091,2007,0.17292345
5,Metapenaeus-51_590091,2008,0.17292345
5,Metapenaeus-51_590091,2009,0.17292345
5,Metapenaeus-51_590091,2010,0.17292345
5,Metapenaeus-51_590091,2011,0.17292345
5,Metapenaeus-51_590091,2012,0.17292345
5,Metapenaeus-51_590091,2013,0.17292345
5,Metapenaeus-51_590091,2014,0.17292345
6,Metapenaeus-51_590091,2001,0.17292345
6,Metapenaeus-51_590091,2002,0.17292345
6,Metapenaeus-51_590091,2003,0.17292345
6,Metapenaeus-51_590091,2004,0.17292345
6,Metapenaeus-51_590091,2005,0.17292345
6,Metapenaeus-51_590091,2006,0.17292345
6,Metapenaeus-51_590091,2007,0.17292345
6,Metapenaeus-51_590091,2008,0.17292345
6,Metapenaeus-51_590091,2009,0.17292345
6,Metapenaeus-51_590091,2010,0.17292345
6,Metapenaeus-51_590091,2011,0.17292345
6,Metapenaeus-51_590091,2012,0.17292345
6,Metapenaeus-51_590091,2013,0.17292345
6,Metapenaeus-51_590091,2014,0.17292345
1,Octopus_cyanea-51_690906,2001,34.87964257
1,Octopus_cyanea-51_690906,2002,34.87964257
1,Octopus_cyanea-51_690906,2003,34.87964257
1,Octopus_cyanea-51_690906,2004,34.87964257
1,Octopus_cyanea-51_690906,2005,34.87964257
1,Octopus_cyanea-51_690906,2006,34.87964257
1,Octopus_cyanea-51_690906,2007,34.87964257
1,Octopus_cyanea-51_690906,2008,34.87964257
1,Octopus_cyanea-51_690906,2009,34.87964257
1,Octopus_cyanea-51_690906,2010,34.87964257
1,Octopus_cyanea-51_690906,2011,34.87964257
1,Octopus_cyanea-51_690906,2012,34.87964257
1,Octopus_cyanea-51_690906,2013,34.87964257
1,Octopus_cyanea-51_690906,2014,34.87964257
2,Octopus_cyanea-51_690906,2001,34.87964257
2,Octopus_cyanea-51_690906,2002,34.87964257
2,Octopus_cyanea-51_690906,2003,34.87964257
2,Octopus_cyanea-51_690906,2004,34.87964257
2,Octopus_cyanea-51_690906,2005,34.87964257
2,Octopus_cyanea-51_690906,2006,34.87964257
2,Octopus_cyanea-51_690906,2007,34.87964257
2,Octopus_cyanea-51_690906,2008,34.87964257
2,Octopus_cyanea-51_690906,2009,34.87964257
2,Octopus_cyanea-51_690906,2010,34.87964257
2,Octopus_cyanea-51_690906,2011,34.87964257
2,Octopus_cyanea-51_690906,2012,34.87964257
2,Octopus_cyanea-51_690906,2013,34.87964257
2,Octopus_cyanea-51_690906,2014,34.87964257
3,Octopus_cyanea-51_690906,2001,34.87964257
3,Octopus_cyanea-51_690906,2002,34.87964257
3,Octopus_cyanea-51_690906,2003,34.87964257
3,Octopus_cyanea-51_690906,2004,34.87964257
3,Octopus_cyanea-51_690906,2005,34.87964257
3,Octopus_cyanea-51_690906,2006,34.87964257
3,Octopus_cyanea-51_690906,2007,34.87964257
3,Octopus_cyanea-51_690906,2008,34.87964257
3,Octopus_cyanea-51_690906,2009,34.87964257
3,Octopus_cyanea-51_690906,2010,34.87964257
3,Octopus_cyanea-51_690906,2011,34.87964257
3,Octopus_cyanea-51_690906,2012,34.87964257
3,Octopus_cyanea-51_690906,2013,34.87964257
3,Octopus_cyanea-51_690906,2014,34.87964257
4,Octopus_cyanea-51_690906,2001,34.87964257
4,Octopus_cyanea-51_690906,2002,34.87964257
4,Octopus_cyanea-51_690906,2003,34.87964257
4,Octopus_cyanea-51_690906,2004,34.87964257
4,Octopus_cyanea-51_690906,2005,34.87964257
4,Octopus_cyanea-51_690906,2006,34.87964257
4,Octopus_cyanea-51_690906,2007,34.87964257
4,Octopus_cyanea-51_690906,2008,34.87964257
4,Octopus_cyanea-51_690906,2009,34.87964257
4,Octopus_cyanea-51_690906,2010,34.87964257
4,Octopus_cyanea-51_690906,2011,34.87964257
4,Octopus_cyanea-51_690906,2012,34.87964257
4,Octopus_cyanea-51_690906,2013,34.87964257
4,Octopus_cyanea-51_690906,2014,34.87964257
5,Octopus_cyanea-51_690906,2001,34.87964257
5,Octopus_cyanea-51_690906,2002,34.87964257
5,Octopus_cyanea-51_690906,2003,34.87964257
5,Octopus_cyanea-51_690906,2004,34.87964257
5,Octopus_cyanea-51_690906,2005,34.87964257
5,Octopus_cyanea-51_690906,2006,34.87964257
5,Octopus_cyanea-51_690906,2007,34.87964257
5,Octopus_cyanea-51_690906,2008,34.87964257
5,Octopus_cyanea-51_690906,2009,34.87964257
5,Octopus_cyanea-51_690906,2010,34.87964257
5,Octopus_cyanea-51_690906,2011,34.87964257
5,Octopus_cyanea-51_690906,2012,34.87964257
5,Octopus_cyanea-51_690906,2013,34.87964257
5,Octopus_cyanea-51_690906,2014,34.87964257
6,Octopus_cyanea-51_690906,2001,34.87964257
6,Octopus_cyanea-51_690906,2002,34.87964257
6,Octopus_cyanea-51_690906,2003,34.87964257
6,Octopus_cyanea-51_690906,2004,34.87964257
6,Octopus_cyanea-51_690906,2005,34.87964257
6,Octopus_cyanea-51_690906,2006,34.87964257
6,Octopus_cyanea-51_690906,2007,34.87964257
6,Octopus_cyanea-51_690906,2008,34.87964257
6,Octopus_cyanea-51_690906,2009,34.87964257
6,Octopus_cyanea-51_690906,2010,34.87964257
6,Octopus_cyanea-51_690906,2011,34.87964257
6,Octopus_cyanea-51_690906,2012,34.87964257
6,Octopus_cyanea-51_690906,2013,34.87964257
6,Octopus_cyanea-51_690906,2014,34.87964257
1,Parupeneus_indicus-51_605992,2001,11.15054028
1,Parupeneus_indicus-51_605992,2002,11.15054028
1,Parupeneus_indicus-51_605992,2003,11.15054028
1,Parupeneus_indicus-51_605992,2004,11.15054028
1,Parupeneus_indicus-51_605992,2005,11.15054028
1,Parupeneus_indicus-51_605992,2006,11.15054028
1,Parupeneus_indicus-51_605992,2007,11.15054028
1,Parupeneus_indicus-51_605992,2008,11.15054028
1,Parupeneus_indicus-51_605992,2009,11.15054028
1,Parupeneus_indicus-51_605992,2010,11.15054028
1,Parupeneus_indicus-51_605992,2011,11.15054028
1,Parupeneus_indicus-51_605992,2012,11.15054028
1,Parupeneus_indicus-51_605992,2013,11.15054028
1,Parupeneus_indicus-51_605992,2014,11.15054028
2,Parupeneus_indicus-51_605992,2001,11.15054028
2,Parupeneus_indicus-51_605992,2002,11.15054028
2,Parupeneus_indicus-51_605992,2003,11.15054028
2,Parupeneus_indicus-51_605992,2004,11.15054028
2,Parupeneus_indicus-51_605992,2005,11.15054028
2,Parupeneus_indicus-51_605992,2006,11.15054028
2,Parupeneus_indicus-51_605992,2007,11.15054028
2,Parupeneus_indicus-51_605992,2008,11.15054028
2,Parupeneus_indicus-51_605992,2009,11.15054028
2,Parupeneus_indicus-51_605992,2010,11.15054028
2,Parupeneus_indicus-51_605992,2011,11.15054028
2,Parupeneus_indicus-51_605992,2012,11.15054028
2,Parupeneus_indicus-51_605992,2013,11.15054028
2,Parupeneus_indicus-51_605992,2014,11.15054028
3,Parupeneus_indicus-51_605992,2001,11.15054028
3,Parupeneus_indicus-51_605992,2002,11.15054028
3,Parupeneus_indicus-51_605992,2003,11.15054028
3,Parupeneus_indicus-51_605992,2004,11.15054028
3,Parupeneus_indicus-51_605992,2005,11.15054028
3,Parupeneus_indicus-51_605992,2006,11.15054028
3,Parupeneus_indicus-51_605992,2007,11.15054028
3,Parupeneus_indicus-51_605992,2008,11.15054028
3,Parupeneus_indicus-51_605992,2009,11.15054028
3,Parupeneus_indicus-51_605992,2010,11.15054028
3,Parupeneus_indicus-51_605992,2011,11.15054028
3,Parupeneus_indicus-51_605992,2012,11.15054028
3,Parupeneus_indicus-51_605992,2013,11.15054028
3,Parupeneus_indicus-51_605992,2014,11.15054028
4,Parupeneus_indicus-51_605992,2001,11.15054028
4,Parupeneus_indicus-51_605992,2002,11.15054028
4,Parupeneus_indicus-51_605992,2003,11.15054028
4,Parupeneus_indicus-51_605992,2004,11.15054028
4,Parupeneus_indicus-51_605992,2005,11.15054028
4,Parupeneus_indicus-51_605992,2006,11.15054028
4,Parupeneus_indicus-51_605992,2007,11.15054028
4,Parupeneus_indicus-51_605992,2008,11.15054028
4,Parupeneus_indicus-51_605992,2009,11.15054028
4,Parupeneus_indicus-51_605992,2010,11.15054028
4,Parupeneus_indicus-51_605992,2011,11.15054028
4,Parupeneus_indicus-51_605992,2012,11.15054028
4,Parupeneus_indicus-51_605992,2013,11.15054028
4,Parupeneus_indicus-51_605992,2014,11.15054028
5,Parupeneus_indicus-51_605992,2001,11.15054028
5,Parupeneus_indicus-51_605992,2002,11.15054028
5,Parupeneus_indicus-51_605992,2003,11.15054028
5,Parupeneus_indicus-51_605992,2004,11.15054028
5,Parupeneus_indicus-51_605992,2005,11.15054028
5,Parupeneus_indicus-51_605992,2006,11.15054028
5,Parupeneus_indicus-51_605992,2007,11.15054028
5,Parupeneus_indicus-51_605992,2008,11.15054028
5,Parupeneus_indicus-51_605992,2009,11.15054028
5,Parupeneus_indicus-51_605992,2010,11.15054028
5,Parupeneus_indicus-51_605992,2011,11.15054028
5,Parupeneus_indicus-51_605992,2012,11.15054028
5,Parupeneus_indicus-51_605992,2013,11.15054028
5,Parupeneus_indicus-51_605992,2014,11.15054028
6,Parupeneus_indicus-51_605992,2001,11.15054028
6,Parupeneus_indicus-51_605992,2002,11.15054028
6,Parupeneus_indicus-51_605992,2003,11.15054028
6,Parupeneus_indicus-51_605992,2004,11.15054028
6,Parupeneus_indicus-51_605992,2005,11.15054028
6,Parupeneus_indicus-51_605992,2006,11.15054028
6,Parupeneus_indicus-51_605992,2007,11.15054028
6,Parupeneus_indicus-51_605992,2008,11.15054028
6,Parupeneus_indicus-51_605992,2009,11.15054028
6,Parupeneus_indicus-51_605992,2010,11.15054028
6,Parupeneus_indicus-51_605992,2011,11.15054028
6,Parupeneus_indicus-51_605992,2012,11.15054028
6,Parupeneus_indicus-51_605992,2013,11.15054028
6,Parupeneus_indicus-51_605992,2014,11.15054028
1,Penaeus_monodon-51_690151,2001,35.2495016
1,Penaeus_monodon-51_690151,2002,35.2495016
1,Penaeus_monodon-51_690151,2003,35.2495016
1,Penaeus_monodon-51_690151,2004,35.2495016
1,Penaeus_monodon-51_690151,2005,35.2495016
1,Penaeus_monodon-51_690151,2006,35.2495016
1,Penaeus_monodon-51_690151,2007,35.2495016
1,Penaeus_monodon-51_690151,2008,35.2495016
1,Penaeus_monodon-51_690151,2009,35.2495016
1,Penaeus_monodon-51_690151,2010,35.2495016
1,Penaeus_monodon-51_690151,2011,35.2495016
1,Penaeus_monodon-51_690151,2012,35.2495016
1,Penaeus_monodon-51_690151,2013,35.2495016
1,Penaeus_monodon-51_690151,2014,35.2495016
2,Penaeus_monodon-51_690151,2001,35.2495016
2,Penaeus_monodon-51_690151,2002,35.2495016
2,Penaeus_monodon-51_690151,2003,35.2495016
2,Penaeus_monodon-51_690151,2004,35.2495016
2,Penaeus_monodon-51_690151,2005,35.2495016
2,Penaeus_monodon-51_690151,2006,35.2495016
2,Penaeus_monodon-51_690151,2007,35.2495016
2,Penaeus_monodon-51_690151,2008,35.2495016
2,Penaeus_monodon-51_690151,2009,35.2495016
2,Penaeus_monodon-51_690151,2010,35.2495016
2,Penaeus_monodon-51_690151,2011,35.2495016
2,Penaeus_monodon-51_690151,2012,35.2495016
2,Penaeus_monodon-51_690151,2013,35.2495016
2,Penaeus_monodon-51_690151,2014,35.2495016
3,Penaeus_monodon-51_690151,2001,35.2495016
3,Penaeus_monodon-51_690151,2002,35.2495016
3,Penaeus_monodon-51_690151,2003,35.2495016
3,Penaeus_monodon-51_690151,2004,35.2495016
3,Penaeus_monodon-51_690151,2005,35.2495016
3,Penaeus_monodon-51_690151,2006,35.2495016
3,Penaeus_monodon-51_690151,2007,35.2495016
3,Penaeus_monodon-51_690151,2008,35.2495016
3,Penaeus_monodon-51_690151,2009,35.2495016
3,Penaeus_monodon-51_690151,2010,35.2495016
3,Penaeus_monodon-51_690151,2011,35.2495016
3,Penaeus_monodon-51_690151,2012,35.2495016
3,Penaeus_monodon-51_690151,2013,35.2495016
3,Penaeus_monodon-51_690151,2014,35.2495016
4,Penaeus_monodon-51_690151,2001,35.2495016
4,Penaeus_monodon-51_690151,2002,35.2495016
4,Penaeus_monodon-51_690151,2003,35.2495016
4,Penaeus_monodon-51_690151,2004,35.2495016
4,Penaeus_monodon-51_690151,2005,35.2495016
4,Penaeus_monodon-51_690151,2006,35.2495016
4,Penaeus_monodon-51_690151,2007,35.2495016
4,Penaeus_monodon-51_690151,2008,35.2495016
4,Penaeus_monodon-51_690151,2009,35.2495016
4,Penaeus_monodon-51_690151,2010,35.2495016
4,Penaeus_monodon-51_690151,2011,35.2495016
4,Penaeus_monodon-51_690151,2012,35.2495016
4,Penaeus_monodon-51_690151,2013,35.2495016
4,Penaeus_monodon-51_690151,2014,35.2495016
5,Penaeus_monodon-51_690151,2001,35.2495016
5,Penaeus_monodon-51_690151,2002,35.2495016
5,Penaeus_monodon-51_690151,2003,35.2495016
5,Penaeus_monodon-51_690151,2004,35.2495016
5,Penaeus_monodon-51_690151,2005,35.2495016
5,Penaeus_monodon-51_690151,2006,35.2495016
5,Penaeus_monodon-51_690151,2007,35.2495016
5,Penaeus_monodon-51_690151,2008,35.2495016
5,Penaeus_monodon-51_690151,2009,35.2495016
5,Penaeus_monodon-51_690151,2010,35.2495016
5,Penaeus_monodon-51_690151,2011,35.2495016
5,Penaeus_monodon-51_690151,2012,35.2495016
5,Penaeus_monodon-51_690151,2013,35.2495016
5,Penaeus_monodon-51_690151,2014,35.2495016
6,Penaeus_monodon-51_690151,2001,35.2495016
6,Penaeus_monodon-51_690151,2002,35.2495016
6,Penaeus_monodon-51_690151,2003,35.2495016
6,Penaeus_monodon-51_690151,2004,35.2495016
6,Penaeus_monodon-51_690151,2005,35.2495016
6,Penaeus_monodon-51_690151,2006,35.2495016
6,Penaeus_monodon-51_690151,2007,35.2495016
6,Penaeus_monodon-51_690151,2008,35.2495016
6,Penaeus_monodon-51_690151,2009,35.2495016
6,Penaeus_monodon-51_690151,2010,35.2495016
6,Penaeus_monodon-51_690151,2011,35.2495016
6,Penaeus_monodon-51_690151,2012,35.2495016
6,Penaeus_monodon-51_690151,2013,35.2495016
6,Penaeus_monodon-51_690151,2014,35.2495016
1,Penaeus_semisulcatus-51_690163,2001,35.14090706
1,Penaeus_semisulcatus-51_690163,2002,35.14090706
1,Penaeus_semisulcatus-51_690163,2003,35.14090706
1,Penaeus_semisulcatus-51_690163,2004,35.14090706
1,Penaeus_semisulcatus-51_690163,2005,35.14090706
1,Penaeus_semisulcatus-51_690163,2006,35.14090706
1,Penaeus_semisulcatus-51_690163,2007,35.14090706
1,Penaeus_semisulcatus-51_690163,2008,35.14090706
1,Penaeus_semisulcatus-51_690163,2009,35.14090706
1,Penaeus_semisulcatus-51_690163,2010,35.14090706
1,Penaeus_semisulcatus-51_690163,2011,35.14090706
1,Penaeus_semisulcatus-51_690163,2012,35.14090706
1,Penaeus_semisulcatus-51_690163,2013,35.14090706
1,Penaeus_semisulcatus-51_690163,2014,35.14090706
2,Penaeus_semisulcatus-51_690163,2001,35.14090706
2,Penaeus_semisulcatus-51_690163,2002,35.14090706
2,Penaeus_semisulcatus-51_690163,2003,35.14090706
2,Penaeus_semisulcatus-51_690163,2004,35.14090706
2,Penaeus_semisulcatus-51_690163,2005,35.14090706
2,Penaeus_semisulcatus-51_690163,2006,35.14090706
2,Penaeus_semisulcatus-51_690163,2007,35.14090706
2,Penaeus_semisulcatus-51_690163,2008,35.14090706
2,Penaeus_semisulcatus-51_690163,2009,35.14090706
2,Penaeus_semisulcatus-51_690163,2010,35.14090706
2,Penaeus_semisulcatus-51_690163,2011,35.14090706
2,Penaeus_semisulcatus-51_690163,2012,35.14090706
2,Penaeus_semisulcatus-51_690163,2013,35.14090706
2,Penaeus_semisulcatus-51_690163,2014,35.14090706
3,Penaeus_semisulcatus-51_690163,2001,35.14090706
3,Penaeus_semisulcatus-51_690163,2002,35.14090706
3,Penaeus_semisulcatus-51_690163,2003,35.14090706
3,Penaeus_semisulcatus-51_690163,2004,35.14090706
3,Penaeus_semisulcatus-51_690163,2005,35.14090706
3,Penaeus_semisulcatus-51_690163,2006,35.14090706
3,Penaeus_semisulcatus-51_690163,2007,35.14090706
3,Penaeus_semisulcatus-51_690163,2008,35.14090706
3,Penaeus_semisulcatus-51_690163,2009,35.14090706
3,Penaeus_semisulcatus-51_690163,2010,35.14090706
3,Penaeus_semisulcatus-51_690163,2011,35.14090706
3,Penaeus_semisulcatus-51_690163,2012,35.14090706
3,Penaeus_semisulcatus-51_690163,2013,35.14090706
3,Penaeus_semisulcatus-51_690163,2014,35.14090706
4,Penaeus_semisulcatus-51_690163,2001,35.14090706
4,Penaeus_semisulcatus-51_690163,2002,35.14090706
4,Penaeus_semisulcatus-51_690163,2003,35.14090706
4,Penaeus_semisulcatus-51_690163,2004,35.14090706
4,Penaeus_semisulcatus-51_690163,2005,35.14090706
4,Penaeus_semisulcatus-51_690163,2006,35.14090706
4,Penaeus_semisulcatus-51_690163,2007,35.14090706
4,Penaeus_semisulcatus-51_690163,2008,35.14090706
4,Penaeus_semisulcatus-51_690163,2009,35.14090706
4,Penaeus_semisulcatus-51_690163,2010,35.14090706
4,Penaeus_semisulcatus-51_690163,2011,35.14090706
4,Penaeus_semisulcatus-51_690163,2012,35.14090706
4,Penaeus_semisulcatus-51_690163,2013,35.14090706
4,Penaeus_semisulcatus-51_690163,2014,35.14090706
5,Penaeus_semisulcatus-51_690163,2001,35.14090706
5,Penaeus_semisulcatus-51_690163,2002,35.14090706
5,Penaeus_semisulcatus-51_690163,2003,35.14090706
5,Penaeus_semisulcatus-51_690163,2004,35.14090706
5,Penaeus_semisulcatus-51_690163,2005,35.14090706
5,Penaeus_semisulcatus-51_690163,2006,35.14090706
5,Penaeus_semisulcatus-51_690163,2007,35.14090706
5,Penaeus_semisulcatus-51_690163,2008,35.14090706
5,Penaeus_semisulcatus-51_690163,2009,35.14090706
5,Penaeus_semisulcatus-51_690163,2010,35.14090706
5,Penaeus_semisulcatus-51_690163,2011,35.14090706
5,Penaeus_semisulcatus-51_690163,2012,35.14090706
5,Penaeus_semisulcatus-51_690163,2013,35.14090706
5,Penaeus_semisulcatus-51_690163,2014,35.14090706
6,Penaeus_semisulcatus-51_690163,2001,35.14090706
6,Penaeus_semisulcatus-51_690163,2002,35.14090706
6,Penaeus_semisulcatus-51_690163,2003,35.14090706
6,Penaeus_semisulcatus-51_690163,2004,35.14090706
6,Penaeus_semisulcatus-51_690163,2005,35.14090706
6,Penaeus_semisulcatus-51_690163,2006,35.14090706
6,Penaeus_semisulcatus-51_690163,2007,35.14090706
6,Penaeus_semisulcatus-51_690163,2008,35.14090706
6,Penaeus_semisulcatus-51_690163,2009,35.14090706
6,Penaeus_semisulcatus-51_690163,2010,35.14090706
6,Penaeus_semisulcatus-51_690163,2011,35.14090706
6,Penaeus_semisulcatus-51_690163,2012,35.14090706
6,Penaeus_semisulcatus-51_690163,2013,35.14090706
6,Penaeus_semisulcatus-51_690163,2014,35.14090706
1,Rastrelliger_kanagurta-51_600111,2001,93.66468093
1,Rastrelliger_kanagurta-51_600111,2002,93.66468093
1,Rastrelliger_kanagurta-51_600111,2003,93.66468093
1,Rastrelliger_kanagurta-51_600111,2004,93.66468093
1,Rastrelliger_kanagurta-51_600111,2005,93.66468093
1,Rastrelliger_kanagurta-51_600111,2006,93.66468093
1,Rastrelliger_kanagurta-51_600111,2007,93.66468093
1,Rastrelliger_kanagurta-51_600111,2008,93.66468093
1,Rastrelliger_kanagurta-51_600111,2009,93.66468093
1,Rastrelliger_kanagurta-51_600111,2010,93.66468093
1,Rastrelliger_kanagurta-51_600111,2011,93.66468093
1,Rastrelliger_kanagurta-51_600111,2012,93.66468093
1,Rastrelliger_kanagurta-51_600111,2013,93.66468093
1,Rastrelliger_kanagurta-51_600111,2014,93.66468093
2,Rastrelliger_kanagurta-51_600111,2001,93.66468093
2,Rastrelliger_kanagurta-51_600111,2002,93.66468093
2,Rastrelliger_kanagurta-51_600111,2003,93.66468093
2,Rastrelliger_kanagurta-51_600111,2004,93.66468093
2,Rastrelliger_kanagurta-51_600111,2005,93.66468093
2,Rastrelliger_kanagurta-51_600111,2006,93.66468093
2,Rastrelliger_kanagurta-51_600111,2007,93.66468093
2,Rastrelliger_kanagurta-51_600111,2008,93.66468093
2,Rastrelliger_kanagurta-51_600111,2009,93.66468093
2,Rastrelliger_kanagurta-51_600111,2010,93.66468093
2,Rastrelliger_kanagurta-51_600111,2011,93.66468093
2,Rastrelliger_kanagurta-51_600111,2012,93.66468093
2,Rastrelliger_kanagurta-51_600111,2013,93.66468093
2,Rastrelliger_kanagurta-51_600111,2014,93.66468093
3,Rastrelliger_kanagurta-51_600111,2001,93.66468093
3,Rastrelliger_kanagurta-51_600111,2002,93.66468093
3,Rastrelliger_kanagurta-51_600111,2003,93.66468093
3,Rastrelliger_kanagurta-51_600111,2004,93.66468093
3,Rastrelliger_kanagurta-51_600111,2005,93.66468093
3,Rastrelliger_kanagurta-51_600111,2006,93.66468093
3,Rastrelliger_kanagurta-51_600111,2007,93.66468093
3,Rastrelliger_kanagurta-51_600111,2008,93.66468093
3,Rastrelliger_kanagurta-51_600111,2009,93.66468093
3,Rastrelliger_kanagurta-51_600111,2010,93.66468093
3,Rastrelliger_kanagurta-51_600111,2011,93.66468093
3,Rastrelliger_kanagurta-51_600111,2012,93.66468093
3,Rastrelliger_kanagurta-51_600111,2013,93.66468093
3,Rastrelliger_kanagurta-51_600111,2014,93.66468093
4,Rastrelliger_kanagurta-51_600111,2001,93.66468093
4,Rastrelliger_kanagurta-51_600111,2002,93.66468093
4,Rastrelliger_kanagurta-51_600111,2003,93.66468093
4,Rastrelliger_kanagurta-51_600111,2004,93.66468093
4,Rastrelliger_kanagurta-51_600111,2005,93.66468093
4,Rastrelliger_kanagurta-51_600111,2006,93.66468093
4,Rastrelliger_kanagurta-51_600111,2007,93.66468093
4,Rastrelliger_kanagurta-51_600111,2008,93.66468093
4,Rastrelliger_kanagurta-51_600111,2009,93.66468093
4,Rastrelliger_kanagurta-51_600111,2010,93.66468093
4,Rastrelliger_kanagurta-51_600111,2011,93.66468093
4,Rastrelliger_kanagurta-51_600111,2012,93.66468093
4,Rastrelliger_kanagurta-51_600111,2013,93.66468093
4,Rastrelliger_kanagurta-51_600111,2014,93.66468093
5,Rastrelliger_kanagurta-51_600111,2001,93.66468093
5,Rastrelliger_kanagurta-51_600111,2002,93.66468093
5,Rastrelliger_kanagurta-51_600111,2003,93.66468093
5,Rastrelliger_kanagurta-51_600111,2004,93.66468093
5,Rastrelliger_kanagurta-51_600111,2005,93.66468093
5,Rastrelliger_kanagurta-51_600111,2006,93.66468093
5,Rastrelliger_kanagurta-51_600111,2007,93.66468093
5,Rastrelliger_kanagurta-51_600111,2008,93.66468093
5,Rastrelliger_kanagurta-51_600111,2009,93.66468093
5,Rastrelliger_kanagurta-51_600111,2010,93.66468093
5,Rastrelliger_kanagurta-51_600111,2011,93.66468093
5,Rastrelliger_kanagurta-51_600111,2012,93.66468093
5,Rastrelliger_kanagurta-51_600111,2013,93.66468093
5,Rastrelliger_kanagurta-51_600111,2014,93.66468093
6,Rastrelliger_kanagurta-51_600111,2001,93.66468093
6,Rastrelliger_kanagurta-51_600111,2002,93.66468093
6,Rastrelliger_kanagurta-51_600111,2003,93.66468093
6,Rastrelliger_kanagurta-51_600111,2004,93.66468093
6,Rastrelliger_kanagurta-51_600111,2005,93.66468093
6,Rastrelliger_kanagurta-51_600111,2006,93.66468093
6,Rastrelliger_kanagurta-51_600111,2007,93.66468093
6,Rastrelliger_kanagurta-51_600111,2008,93.66468093
6,Rastrelliger_kanagurta-51_600111,2009,93.66468093
6,Rastrelliger_kanagurta-51_600111,2010,93.66468093
6,Rastrelliger_kanagurta-51_600111,2011,93.66468093
6,Rastrelliger_kanagurta-51_600111,2012,93.66468093
6,Rastrelliger_kanagurta-51_600111,2013,93.66468093
6,Rastrelliger_kanagurta-51_600111,2014,93.66468093
1,Rastrelliger-51_505469,2001,6.615932823
1,Rastrelliger-51_505469,2002,6.615932823
1,Rastrelliger-51_505469,2003,6.615932823
1,Rastrelliger-51_505469,2004,6.615932823
1,Rastrelliger-51_505469,2005,6.615932823
1,Rastrelliger-51_505469,2006,6.615932823
1,Rastrelliger-51_505469,2007,6.615932823
1,Rastrelliger-51_505469,2008,6.615932823
1,Rastrelliger-51_505469,2009,6.615932823
1,Rastrelliger-51_505469,2010,6.615932823
1,Rastrelliger-51_505469,2011,6.615932823
1,Rastrelliger-51_505469,2012,6.615932823
1,Rastrelliger-51_505469,2013,6.615932823
1,Rastrelliger-51_505469,2014,6.615932823
2,Rastrelliger-51_505469,2001,6.615932823
2,Rastrelliger-51_505469,2002,6.615932823
2,Rastrelliger-51_505469,2003,6.615932823
2,Rastrelliger-51_505469,2004,6.615932823
2,Rastrelliger-51_505469,2005,6.615932823
2,Rastrelliger-51_505469,2006,6.615932823
2,Rastrelliger-51_505469,2007,6.615932823
2,Rastrelliger-51_505469,2008,6.615932823
2,Rastrelliger-51_505469,2009,6.615932823
2,Rastrelliger-51_505469,2010,6.615932823
2,Rastrelliger-51_505469,2011,6.615932823
2,Rastrelliger-51_505469,2012,6.615932823
2,Rastrelliger-51_505469,2013,6.615932823
2,Rastrelliger-51_505469,2014,6.615932823
3,Rastrelliger-51_505469,2001,6.615932823
3,Rastrelliger-51_505469,2002,6.615932823
3,Rastrelliger-51_505469,2003,6.615932823
3,Rastrelliger-51_505469,2004,6.615932823
3,Rastrelliger-51_505469,2005,6.615932823
3,Rastrelliger-51_505469,2006,6.615932823
3,Rastrelliger-51_505469,2007,6.615932823
3,Rastrelliger-51_505469,2008,6.615932823
3,Rastrelliger-51_505469,2009,6.615932823
3,Rastrelliger-51_505469,2010,6.615932823
3,Rastrelliger-51_505469,2011,6.615932823
3,Rastrelliger-51_505469,2012,6.615932823
3,Rastrelliger-51_505469,2013,6.615932823
3,Rastrelliger-51_505469,2014,6.615932823
4,Rastrelliger-51_505469,2001,6.615932823
4,Rastrelliger-51_505469,2002,6.615932823
4,Rastrelliger-51_505469,2003,6.615932823
4,Rastrelliger-51_505469,2004,6.615932823
4,Rastrelliger-51_505469,2005,6.615932823
4,Rastrelliger-51_505469,2006,6.615932823
4,Rastrelliger-51_505469,2007,6.615932823
4,Rastrelliger-51_505469,2008,6.615932823
4,Rastrelliger-51_505469,2009,6.615932823
4,Rastrelliger-51_505469,2010,6.615932823
4,Rastrelliger-51_505469,2011,6.615932823
4,Rastrelliger-51_505469,2012,6.615932823
4,Rastrelliger-51_505469,2013,6.615932823
4,Rastrelliger-51_505469,2014,6.615932823
5,Rastrelliger-51_505469,2001,6.615932823
5,Rastrelliger-51_505469,2002,6.615932823
5,Rastrelliger-51_505469,2003,6.615932823
5,Rastrelliger-51_505469,2004,6.615932823
5,Rastrelliger-51_505469,2005,6.615932823
5,Rastrelliger-51_505469,2006,6.615932823
5,Rastrelliger-51_505469,2007,6.615932823
5,Rastrelliger-51_505469,2008,6.615932823
5,Rastrelliger-51_505469,2009,6.615932823
5,Rastrelliger-51_505469,2010,6.615932823
5,Rastrelliger-51_505469,2011,6.615932823
5,Rastrelliger-51_505469,2012,6.615932823
5,Rastrelliger-51_505469,2013,6.615932823
5,Rastrelliger-51_505469,2014,6.615932823
6,Rastrelliger-51_505469,2001,6.615932823
6,Rastrelliger-51_505469,2002,6.615932823
6,Rastrelliger-51_505469,2003,6.615932823
6,Rastrelliger-51_505469,2004,6.615932823
6,Rastrelliger-51_505469,2005,6.615932823
6,Rastrelliger-51_505469,2006,6.615932823
6,Rastrelliger-51_505469,2007,6.615932823
6,Rastrelliger-51_505469,2008,6.615932823
6,Rastrelliger-51_505469,2009,6.615932823
6,Rastrelliger-51_505469,2010,6.615932823
6,Rastrelliger-51_505469,2011,6.615932823
6,Rastrelliger-51_505469,2012,6.615932823
6,Rastrelliger-51_505469,2013,6.615932823
6,Rastrelliger-51_505469,2014,6.615932823
1,Siganus-51_500240,2001,1113.613415
1,Siganus-51_500240,2002,1113.613415
1,Siganus-51_500240,2003,1113.613415
1,Siganus-51_500240,2004,1113.613415
1,Siganus-51_500240,2005,1113.613415
1,Siganus-51_500240,2006,1113.613415
1,Siganus-51_500240,2007,1113.613415
1,Siganus-51_500240,2008,1113.613415
1,Siganus-51_500240,2009,1113.613415
1,Siganus-51_500240,2010,1113.613415
1,Siganus-51_500240,2011,1113.613415
1,Siganus-51_500240,2012,1113.613415
1,Siganus-51_500240,2013,1113.613415
1,Siganus-51_500240,2014,1113.613415
2,Siganus-51_500240,2001,1113.613415
2,Siganus-51_500240,2002,1113.613415
2,Siganus-51_500240,2003,1113.613415
2,Siganus-51_500240,2004,1113.613415
2,Siganus-51_500240,2005,1113.613415
2,Siganus-51_500240,2006,1113.613415
2,Siganus-51_500240,2007,1113.613415
2,Siganus-51_500240,2008,1113.613415
2,Siganus-51_500240,2009,1113.613415
2,Siganus-51_500240,2010,1113.613415
2,Siganus-51_500240,2011,1113.613415
2,Siganus-51_500240,2012,1113.613415
2,Siganus-51_500240,2013,1113.613415
2,Siganus-51_500240,2014,1113.613415
3,Siganus-51_500240,2001,1113.613415
3,Siganus-51_500240,2002,1113.613415
3,Siganus-51_500240,2003,1113.613415
3,Siganus-51_500240,2004,1113.613415
3,Siganus-51_500240,2005,1113.613415
3,Siganus-51_500240,2006,1113.613415
3,Siganus-51_500240,2007,1113.613415
3,Siganus-51_500240,2008,1113.613415
3,Siganus-51_500240,2009,1113.613415
3,Siganus-51_500240,2010,1113.613415
3,Siganus-51_500240,2011,1113.613415
3,Siganus-51_500240,2012,1113.613415
3,Siganus-51_500240,2013,1113.613415
3,Siganus-51_500240,2014,1113.613415
4,Siganus-51_500240,2001,1113.613415
4,Siganus-51_500240,2002,1113.613415
4,Siganus-51_500240,2003,1113.613415
4,Siganus-51_500240,2004,1113.613415
4,Siganus-51_500240,2005,1113.613415
4,Siganus-51_500240,2006,1113.613415
4,Siganus-51_500240,2007,1113.613415
4,Siganus-51_500240,2008,1113.613415
4,Siganus-51_500240,2009,1113.613415
4,Siganus-51_500240,2010,1113.613415
4,Siganus-51_500240,2011,1113.613415
4,Siganus-51_500240,2012,1113.613415
4,Siganus-51_500240,2013,1113.613415
4,Siganus-51_500240,2014,1113.613415
5,Siganus-51_500240,2001,1113.613415
5,Siganus-51_500240,2002,1113.613415
5,Siganus-51_500240,2003,1113.613415
5,Siganus-51_500240,2004,1113.613415
5,Siganus-51_500240,2005,1113.613415
5,Siganus-51_500240,2006,1113.613415
5,Siganus-51_500240,2007,1113.613415
5,Siganus-51_500240,2008,1113.613415
5,Siganus-51_500240,2009,1113.613415
5,Siganus-51_500240,2010,1113.613415
5,Siganus-51_500240,2011,1113.613415
5,Siganus-51_500240,2012,1113.613415
5,Siganus-51_500240,2013,1113.613415
5,Siganus-51_500240,2014,1113.613415
6,Siganus-51_500240,2001,1113.613415
6,Siganus-51_500240,2002,1113.613415
6,Siganus-51_500240,2003,1113.613415
6,Siganus-51_500240,2004,1113.613415
6,Siganus-51_500240,2005,1113.613415
6,Siganus-51_500240,2006,1113.613415
6,Siganus-51_500240,2007,1113.613415
6,Siganus-51_500240,2008,1113.613415
6,Siganus-51_500240,2009,1113.613415
6,Siganus-51_500240,2010,1113.613415
6,Siganus-51_500240,2011,1113.613415
6,Siganus-51_500240,2012,1113.613415
6,Siganus-51_500240,2013,1113.613415
6,Siganus-51_500240,2014,1113.613415
1,Sphyraena-51_500372,2001,345.2673304
1,Sphyraena-51_500372,2002,345.2673304
1,Sphyraena-51_500372,2003,345.2673304
1,Sphyraena-51_500372,2004,345.2673304
1,Sphyraena-51_500372,2005,345.2673304
1,Sphyraena-51_500372,2006,345.2673304
1,Sphyraena-51_500372,2007,345.2673304
1,Sphyraena-51_500372,2008,345.2673304
1,Sphyraena-51_500372,2009,345.2673304
1,Sphyraena-51_500372,2010,345.2673304
1,Sphyraena-51_500372,2011,345.2673304
1,Sphyraena-51_500372,2012,345.2673304
1,Sphyraena-51_500372,2013,345.2673304
1,Sphyraena-51_500372,2014,345.2673304
2,Sphyraena-51_500372,2001,345.2673304
2,Sphyraena-51_500372,2002,345.2673304
2,Sphyraena-51_500372,2003,345.2673304
2,Sphyraena-51_500372,2004,345.2673304
2,Sphyraena-51_500372,2005,345.2673304
2,Sphyraena-51_500372,2006,345.2673304
2,Sphyraena-51_500372,2007,345.2673304
2,Sphyraena-51_500372,2008,345.2673304
2,Sphyraena-51_500372,2009,345.2673304
2,Sphyraena-51_500372,2010,345.2673304
2,Sphyraena-51_500372,2011,345.2673304
2,Sphyraena-51_500372,2012,345.2673304
2,Sphyraena-51_500372,2013,345.2673304
2,Sphyraena-51_500372,2014,345.2673304
3,Sphyraena-51_500372,2001,345.2673304
3,Sphyraena-51_500372,2002,345.2673304
3,Sphyraena-51_500372,2003,345.2673304
3,Sphyraena-51_500372,2004,345.2673304
3,Sphyraena-51_500372,2005,345.2673304
3,Sphyraena-51_500372,2006,345.2673304
3,Sphyraena-51_500372,2007,345.2673304
3,Sphyraena-51_500372,2008,345.2673304
3,Sphyraena-51_500372,2009,345.2673304
3,Sphyraena-51_500372,2010,345.2673304
3,Sphyraena-51_500372,2011,345.2673304
3,Sphyraena-51_500372,2012,345.2673304
3,Sphyraena-51_500372,2013,345.2673304
3,Sphyraena-51_500372,2014,345.2673304
4,Sphyraena-51_500372,2001,345.2673304
4,Sphyraena-51_500372,2002,345.2673304
4,Sphyraena-51_500372,2003,345.2673304
4,Sphyraena-51_500372,2004,345.2673304
4,Sphyraena-51_500372,2005,345.2673304
4,Sphyraena-51_500372,2006,345.2673304
4,Sphyraena-51_500372,2007,345.2673304
4,Sphyraena-51_500372,2008,345.2673304
4,Sphyraena-51_500372,2009,345.2673304
4,Sphyraena-51_500372,2010,345.2673304
4,Sphyraena-51_500372,2011,345.2673304
4,Sphyraena-51_500372,2012,345.2673304
4,Sphyraena-51_500372,2013,345.2673304
4,Sphyraena-51_500372,2014,345.2673304
5,Sphyraena-51_500372,2001,345.2673304
5,Sphyraena-51_500372,2002,345.2673304
5,Sphyraena-51_500372,2003,345.2673304
5,Sphyraena-51_500372,2004,345.2673304
5,Sphyraena-51_500372,2005,345.2673304
5,Sphyraena-51_500372,2006,345.2673304
5,Sphyraena-51_500372,2007,345.2673304
5,Sphyraena-51_500372,2008,345.2673304
5,Sphyraena-51_500372,2009,345.2673304
5,Sphyraena-51_500372,2010,345.2673304
5,Sphyraena-51_500372,2011,345.2673304
5,Sphyraena-51_500372,2012,345.2673304
5,Sphyraena-51_500372,2013,345.2673304
5,Sphyraena-51_500372,2014,345.2673304
6,Sphyraena-51_500372,2001,345.2673304
6,Sphyraena-51_500372,2002,345.2673304
6,Sphyraena-51_500372,2003,345.2673304
6,Sphyraena-51_500372,2004,345.2673304
6,Sphyraena-51_500372,2005,345.2673304
6,Sphyraena-51_500372,2006,345.2673304
6,Sphyraena-51_500372,2007,345.2673304
6,Sphyraena-51_500372,2008,345.2673304
6,Sphyraena-51_500372,2009,345.2673304
6,Sphyraena-51_500372,2010,345.2673304
6,Sphyraena-51_500372,2011,345.2673304
6,Sphyraena-51_500372,2012,345.2673304
6,Sphyraena-51_500372,2013,345.2673304
6,Sphyraena-51_500372,2014,345.2673304
1,Sphyraenidae-51_400360,2001,1.228770569
1,Sphyraenidae-51_400360,2002,1.228770569
1,Sphyraenidae-51_400360,2003,1.228770569
1,Sphyraenidae-51_400360,2004,1.228770569
1,Sphyraenidae-51_400360,2005,1.228770569
1,Sphyraenidae-51_400360,2006,1.228770569
1,Sphyraenidae-51_400360,2007,1.228770569
1,Sphyraenidae-51_400360,2008,1.228770569
1,Sphyraenidae-51_400360,2009,1.228770569
1,Sphyraenidae-51_400360,2010,1.228770569
1,Sphyraenidae-51_400360,2011,1.228770569
1,Sphyraenidae-51_400360,2012,1.228770569
1,Sphyraenidae-51_400360,2013,1.228770569
1,Sphyraenidae-51_400360,2014,1.228770569
2,Sphyraenidae-51_400360,2001,1.228770569
2,Sphyraenidae-51_400360,2002,1.228770569
2,Sphyraenidae-51_400360,2003,1.228770569
2,Sphyraenidae-51_400360,2004,1.228770569
2,Sphyraenidae-51_400360,2005,1.228770569
2,Sphyraenidae-51_400360,2006,1.228770569
2,Sphyraenidae-51_400360,2007,1.228770569
2,Sphyraenidae-51_400360,2008,1.228770569
2,Sphyraenidae-51_400360,2009,1.228770569
2,Sphyraenidae-51_400360,2010,1.228770569
2,Sphyraenidae-51_400360,2011,1.228770569
2,Sphyraenidae-51_400360,2012,1.228770569
2,Sphyraenidae-51_400360,2013,1.228770569
2,Sphyraenidae-51_400360,2014,1.228770569
3,Sphyraenidae-51_400360,2001,1.228770569
3,Sphyraenidae-51_400360,2002,1.228770569
3,Sphyraenidae-51_400360,2003,1.228770569
3,Sphyraenidae-51_400360,2004,1.228770569
3,Sphyraenidae-51_400360,2005,1.228770569
3,Sphyraenidae-51_400360,2006,1.228770569
3,Sphyraenidae-51_400360,2007,1.228770569
3,Sphyraenidae-51_400360,2008,1.228770569
3,Sphyraenidae-51_400360,2009,1.228770569
3,Sphyraenidae-51_400360,2010,1.228770569
3,Sphyraenidae-51_400360,2011,1.228770569
3,Sphyraenidae-51_400360,2012,1.228770569
3,Sphyraenidae-51_400360,2013,1.228770569
3,Sphyraenidae-51_400360,2014,1.228770569
4,Sphyraenidae-51_400360,2001,1.228770569
4,Sphyraenidae-51_400360,2002,1.228770569
4,Sphyraenidae-51_400360,2003,1.228770569
4,Sphyraenidae-51_400360,2004,1.228770569
4,Sphyraenidae-51_400360,2005,1.228770569
4,Sphyraenidae-51_400360,2006,1.228770569
4,Sphyraenidae-51_400360,2007,1.228770569
4,Sphyraenidae-51_400360,2008,1.228770569
4,Sphyraenidae-51_400360,2009,1.228770569
4,Sphyraenidae-51_400360,2010,1.228770569
4,Sphyraenidae-51_400360,2011,1.228770569
4,Sphyraenidae-51_400360,2012,1.228770569
4,Sphyraenidae-51_400360,2013,1.228770569
4,Sphyraenidae-51_400360,2014,1.228770569
5,Sphyraenidae-51_400360,2001,1.228770569
5,Sphyraenidae-51_400360,2002,1.228770569
5,Sphyraenidae-51_400360,2003,1.228770569
5,Sphyraenidae-51_400360,2004,1.228770569
5,Sphyraenidae-51_400360,2005,1.228770569
5,Sphyraenidae-51_400360,2006,1.228770569
5,Sphyraenidae-51_400360,2007,1.228770569
5,Sphyraenidae-51_400360,2008,1.228770569
5,Sphyraenidae-51_400360,2009,1.228770569
5,Sphyraenidae-51_400360,2010,1.228770569
5,Sphyraenidae-51_400360,2011,1.228770569
5,Sphyraenidae-51_400360,2012,1.228770569
5,Sphyraenidae-51_400360,2013,1.228770569
5,Sphyraenidae-51_400360,2014,1.228770569
6,Sphyraenidae-51_400360,2001,1.228770569
6,Sphyraenidae-51_400360,2002,1.228770569
6,Sphyraenidae-51_400360,2003,1.228770569
6,Sphyraenidae-51_400360,2004,1.228770569
6,Sphyraenidae-51_400360,2005,1.228770569
6,Sphyraenidae-51_400360,2006,1.228770569
6,Sphyraenidae-51_400360,2007,1.228770569
6,Sphyraenidae-51_400360,2008,1.228770569
6,Sphyraenidae-51_400360,2009,1.228770569
6,Sphyraenidae-51_400360,2010,1.228770569
6,Sphyraenidae-51_400360,2011,1.228770569
6,Sphyraenidae-51_400360,2012,1.228770569
6,Sphyraenidae-51_400360,2013,1.228770569
6,Sphyraenidae-51_400360,2014,1.228770569
